asin,month,sessions,page_views,units_ordered,buy_box_percentage
B0R5E97R3C,2025-01,17,25,2,0.86
B0R5E97R3C,2025-02,66,100,9,0.88
B0R5E97R3C,2025-03,39,60,6,0.97
B0R5E97R3C,2025-04,96,140,13,0.91
B0R5E97R3C,2025-05,83,106,10,0.97
B0R5E97R3C,2025-06,17,23,2,0.97
B0R5E97R3C,2025-07,59,84,7,0.94
B0R5E97R3C,2025-08,59,82,7,0.97
B0R5E97R3C,2025-09,37,55,5,0.92
B0R5E97R3C,2025-10,53,71,6,0.97
B0R5E97R3C,2025-11,56,78,8,0.98
B0R5E97R3C,2025-12,98,144,12,0.91
B0R5E97R3C,2026-01,53,80,6,0.92
B0R5E97R3C,2026-02,75,114,10,0.89
B0R5E97R3C,2026-03,52,68,8,0.96
B0R5E97R3C,2026-04,35,44,4,0.97
B0R5E97R3C,2026-05,60,71,8,0.91
B0R5E97R3C,2026-06,55,80,7,0.98
B0MVKP1792,2025-01,83,105,12,0.88
B0MVKP1792,2025-02,42,49,7,0.88
B0MVKP1792,2025-03,7,10,1,0.94
B0MVKP1792,2025-04,24,31,4,0.93
B0MVKP1792,2025-05,21,32,3,0.89
B0MVKP1792,2025-06,63,77,8,0.87
B0MVKP1792,2025-07,47,61,6,0.94
B0MVKP1792,2025-08,29,44,4,0.87
B0MVKP1792,2025-09,72,106,10,0.95
B0MVKP1792,2025-10,21,26,3,0.9
B0MVKP1792,2025-11,53,66,8,0.9
B0MVKP1792,2025-12,72,91,11,0.99
B0MVKP1792,2026-01,24,34,4,0.91
B0MVKP1792,2026-02,49,71,6,0.99
B0MVKP1792,2026-03,29,42,4,0.97
B0MVKP1792,2026-04,39,56,5,0.93
B0MVKP1792,2026-05,24,32,4,0.94
B0MVKP1792,2026-06,15,21,2,0.96
B0NL5Q5CZM,2025-01,45,64,5,0.88
B0NL5Q5CZM,2025-02,59,78,6,1.0
B0NL5Q5CZM,2025-03,19,28,2,0.93
B0NL5Q5CZM,2025-04,40,49,5,0.91
B0NL5Q5CZM,2025-05,55,75,6,0.9
B0NL5Q5CZM,2025-06,145,208,14,0.9
B0NL5Q5CZM,2025-07,91,138,9,0.89
B0NL5Q5CZM,2025-08,53,74,5,0.98
B0NL5Q5CZM,2025-09,83,119,10,0.87
B0NL5Q5CZM,2025-10,87,127,9,0.98
B0NL5Q5CZM,2025-11,92,128,9,0.95
B0NL5Q5CZM,2025-12,91,127,11,0.91
B0NL5Q5CZM,2026-01,127,167,12,0.98
B0NL5Q5CZM,2026-02,56,74,6,0.98
B0NL5Q5CZM,2026-03,60,74,6,0.9
B0NL5Q5CZM,2026-04,78,101,8,0.97
B0NL5Q5CZM,2026-05,51,73,6,0.92
B0NL5Q5CZM,2026-06,131,181,14,0.88
B0ANDXF98K,2025-01,145,202,0,0.97
B0ANDXF98K,2025-02,96,133,6,0.87
B0ANDXF98K,2025-03,110,157,6,0.89
B0ANDXF98K,2025-04,154,188,10,0.88
B0ANDXF98K,2025-05,14,18,1,0.93
B0ANDXF98K,2025-06,173,253,10,0.95
B0ANDXF98K,2025-07,153,193,10,0.92
B0ANDXF98K,2025-08,97,115,6,0.92
B0ANDXF98K,2025-09,76,104,4,0.96
B0ANDXF98K,2025-10,98,118,6,0.92
B0ANDXF98K,2025-11,225,287,12,0.99
B0ANDXF98K,2025-12,245,304,14,0.94
B0ANDXF98K,2026-01,120,145,7,0.96
B0ANDXF98K,2026-02,117,164,0,1.0
B0ANDXF98K,2026-03,161,204,9,0.87
B0ANDXF98K,2026-04,162,189,11,0.97
B0ANDXF98K,2026-05,255,354,16,0.98
B0ANDXF98K,2026-06,98,135,6,0.99
B055PLDLF8,2025-01,168,231,8,0.88
B055PLDLF8,2025-02,123,150,6,0.98
B055PLDLF8,2025-03,148,185,9,0.97
B055PLDLF8,2025-04,195,268,10,0.95
B055PLDLF8,2025-05,66,89,4,0.9
B055PLDLF8,2025-06,155,194,7,0.87
B055PLDLF8,2025-07,64,93,4,0.93
B055PLDLF8,2025-08,168,243,10,0.89
B055PLDLF8,2025-09,221,280,10,0.97
B055PLDLF8,2025-10,109,131,5,0.93
B055PLDLF8,2025-11,129,158,7,0.87
B055PLDLF8,2025-12,254,324,14,0.97
B055PLDLF8,2026-01,110,135,6,0.92
B055PLDLF8,2026-02,166,225,10,0.87
B055PLDLF8,2026-03,151,229,7,0.88
B055PLDLF8,2026-04,82,109,5,0.9
B055PLDLF8,2026-05,95,111,5,0.98
B055PLDLF8,2026-06,152,232,8,0.89
B08H6XVAML,2025-01,268,319,11,1.0
B08H6XVAML,2025-02,207,314,8,0.96
B08H6XVAML,2025-03,283,391,11,0.97
B08H6XVAML,2025-04,308,374,14,1.0
B08H6XVAML,2025-05,118,168,5,0.93
B08H6XVAML,2025-06,214,267,8,0.86
B08H6XVAML,2025-07,147,208,7,1.0
B08H6XVAML,2025-08,271,323,12,0.87
B08H6XVAML,2025-09,160,229,6,0.98
B08H6XVAML,2025-10,178,267,8,0.94
B08H6XVAML,2025-11,172,220,7,0.97
B08H6XVAML,2025-12,146,214,7,0.89
B08H6XVAML,2026-01,143,189,6,0.94
B08H6XVAML,2026-02,121,169,6,0.87
B08H6XVAML,2026-03,97,144,4,0.93
B08H6XVAML,2026-04,271,418,10,1.0
B08H6XVAML,2026-05,288,357,14,0.94
B08H6XVAML,2026-06,75,105,3,0.93
B088K2QTZJ,2025-01,74,96,6,1.0
B088K2QTZJ,2025-02,24,37,2,0.91
B088K2QTZJ,2025-03,11,16,1,0.89
B088K2QTZJ,2025-04,91,137,8,0.88
B088K2QTZJ,2025-05,90,137,8,0.9
B088K2QTZJ,2025-06,16,21,1,0.95
B088K2QTZJ,2025-07,111,139,8,0.86
B088K2QTZJ,2025-08,84,122,6,0.94
B088K2QTZJ,2025-09,45,55,4,0.88
B088K2QTZJ,2025-10,100,154,7,0.98
B088K2QTZJ,2025-11,108,130,7,0.91
B088K2QTZJ,2025-12,156,186,11,0.86
B088K2QTZJ,2026-01,78,91,6,0.87
B088K2QTZJ,2026-02,89,113,6,0.89
B088K2QTZJ,2026-03,48,64,4,0.95
B088K2QTZJ,2026-04,131,194,11,0.92
B088K2QTZJ,2026-05,189,264,12,0.91
B088K2QTZJ,2026-06,74,91,6,0.94
B06AZNEH47,2025-01,53,63,6,0.86
B06AZNEH47,2025-02,7,9,1,0.88
B06AZNEH47,2025-03,18,21,2,0.97
B06AZNEH47,2025-04,15,18,2,0.92
B06AZNEH47,2025-05,36,50,4,0.9
B06AZNEH47,2025-06,24,37,3,0.93
B06AZNEH47,2025-07,26,36,4,0.94
B06AZNEH47,2025-08,36,48,4,0.87
B06AZNEH47,2025-09,21,25,3,0.99
B06AZNEH47,2025-10,56,70,7,0.91
B06AZNEH47,2025-11,33,49,4,0.88
B06AZNEH47,2025-12,22,30,3,0.97
B06AZNEH47,2026-01,22,28,3,1.0
B06AZNEH47,2026-02,24,36,3,0.88
B06AZNEH47,2026-03,46,58,6,0.96
B06AZNEH47,2026-04,23,31,3,0.97
B06AZNEH47,2026-05,51,68,6,0.97
B06AZNEH47,2026-06,9,12,1,0.93
B0H9GJQWK8,2025-01,11,15,1,0.96
B0H9GJQWK8,2025-02,131,200,0,0.91
B0H9GJQWK8,2025-03,79,121,0,1.0
B0H9GJQWK8,2025-04,128,167,0,0.95
B0H9GJQWK8,2025-05,10,15,1,0.89
B0H9GJQWK8,2025-06,9,13,1,0.88
B0H9GJQWK8,2025-07,28,43,3,0.94
B0H9GJQWK8,2025-08,86,128,0,0.95
B0H9GJQWK8,2025-09,84,105,0,0.88
B0H9GJQWK8,2025-10,19,29,0,0.92
B0H9GJQWK8,2025-11,149,222,0,0.92
B0H9GJQWK8,2025-12,7,9,0,0.9
B0H9GJQWK8,2026-01,9,11,1,0.99
B0H9GJQWK8,2026-02,120,141,0,0.99
B0H9GJQWK8,2026-03,40,53,0,0.88
B0H9GJQWK8,2026-04,11,14,1,0.88
B0H9GJQWK8,2026-05,138,195,0,0.96
B0H9GJQWK8,2026-06,10,15,1,0.88
B0M2QT36J4,2025-01,20,24,2,0.89
B0M2QT36J4,2025-02,112,130,0,0.95
B0M2QT36J4,2025-03,20,27,2,0.94
B0M2QT36J4,2025-04,56,71,6,0.99
B0M2QT36J4,2025-05,21,28,2,0.97
B0M2QT36J4,2025-06,33,41,3,0.86
B0M2QT36J4,2025-07,20,31,2,0.91
B0M2QT36J4,2025-08,39,58,4,0.87
B0M2QT36J4,2025-09,23,27,2,0.94
B0M2QT36J4,2025-10,26,36,3,0.93
B0M2QT36J4,2025-11,73,90,6,1.0
B0M2QT36J4,2025-12,27,41,3,0.86
B0M2QT36J4,2026-01,20,26,2,0.95
B0M2QT36J4,2026-02,59,79,5,0.94
B0M2QT36J4,2026-03,46,61,5,0.88
B0M2QT36J4,2026-04,45,59,4,0.9
B0M2QT36J4,2026-05,140,182,0,0.91
B0M2QT36J4,2026-06,39,57,4,0.93
B0YXU5G7D1,2025-01,76,89,8,0.97
B0YXU5G7D1,2025-02,32,46,3,0.92
B0YXU5G7D1,2025-03,131,157,12,0.88
B0YXU5G7D1,2025-04,32,45,3,0.95
B0YXU5G7D1,2025-05,66,94,8,0.92
B0YXU5G7D1,2025-06,28,39,3,0.95
B0YXU5G7D1,2025-07,68,103,8,0.97
B0YXU5G7D1,2025-08,67,101,6,0.99
B0YXU5G7D1,2025-09,11,17,1,0.98
B0YXU5G7D1,2025-10,85,121,10,0.95
B0YXU5G7D1,2025-11,124,186,13,0.89
B0YXU5G7D1,2025-12,84,120,8,1.0
B0YXU5G7D1,2026-01,113,141,12,0.9
B0YXU5G7D1,2026-02,32,37,3,0.94
B0YXU5G7D1,2026-03,20,24,2,0.87
B0YXU5G7D1,2026-04,67,89,6,0.86
B0YXU5G7D1,2026-05,111,140,11,0.99
B0YXU5G7D1,2026-06,66,96,8,0.94
B0671R2A1G,2025-01,87,102,0,0.88
B0671R2A1G,2025-02,21,32,0,0.94
B0671R2A1G,2025-03,14,20,2,0.96
B0671R2A1G,2025-04,18,23,0,0.87
B0671R2A1G,2025-05,34,47,5,0.87
B0671R2A1G,2025-06,22,29,3,0.95
B0671R2A1G,2025-07,17,24,2,0.88
B0671R2A1G,2025-08,7,10,1,0.93
B0671R2A1G,2025-09,23,28,3,0.87
B0671R2A1G,2025-10,73,87,0,0.88
B0671R2A1G,2025-11,15,18,2,0.94
B0671R2A1G,2025-12,19,29,3,0.95
B0671R2A1G,2026-01,8,9,1,0.93
B0671R2A1G,2026-02,137,170,0,0.87
B0671R2A1G,2026-03,29,42,4,0.93
B0671R2A1G,2026-04,8,11,1,0.99
B0671R2A1G,2026-05,96,112,0,0.99
B0671R2A1G,2026-06,21,26,3,1.0
B0K12NKA8N,2025-01,16,24,2,0.97
B0K12NKA8N,2025-02,24,31,3,0.94
B0K12NKA8N,2025-03,41,59,4,0.93
B0K12NKA8N,2025-04,8,11,1,0.89
B0K12NKA8N,2025-05,17,20,2,0.93
B0K12NKA8N,2025-06,116,147,0,0.99
B0K12NKA8N,2025-07,48,74,5,0.97
B0K12NKA8N,2025-08,10,14,1,0.94
B0K12NKA8N,2025-09,98,124,0,0.9
B0K12NKA8N,2025-10,134,191,0,0.9
B0K12NKA8N,2025-11,26,35,3,0.86
B0K12NKA8N,2025-12,53,70,6,0.96
B0K12NKA8N,2026-01,10,12,1,0.93
B0K12NKA8N,2026-02,38,52,5,0.97
B0K12NKA8N,2026-03,21,25,2,0.93
B0K12NKA8N,2026-04,29,37,3,0.88
B0K12NKA8N,2026-05,12,17,0,0.89
B0K12NKA8N,2026-06,16,21,2,0.92
B0279XVVC5,2025-01,128,170,12,0.88
B0279XVVC5,2025-02,113,168,10,0.95
B0279XVVC5,2025-03,239,311,18,1.0
B0279XVVC5,2025-04,59,71,5,0.94
B0279XVVC5,2025-05,123,143,11,0.92
B0279XVVC5,2025-06,82,100,6,0.94
B0279XVVC5,2025-07,140,200,11,0.92
B0279XVVC5,2025-08,56,66,5,0.97
B0279XVVC5,2025-09,112,158,9,0.92
B0279XVVC5,2025-10,276,342,20,0.89
B0279XVVC5,2025-11,292,427,23,0.94
B0279XVVC5,2025-12,176,216,15,0.99
B0279XVVC5,2026-01,107,157,9,0.94
B0279XVVC5,2026-02,106,142,9,0.95
B0279XVVC5,2026-03,236,354,17,1.0
B0279XVVC5,2026-04,99,115,7,0.91
B0279XVVC5,2026-05,105,125,10,0.91
B0279XVVC5,2026-06,146,216,10,0.9
B0WR597BPU,2025-01,109,129,0,0.91
B0WR597BPU,2025-02,14,18,0,0.89
B0WR597BPU,2025-03,89,115,0,0.87
B0WR597BPU,2025-04,61,90,0,0.99
B0WR597BPU,2025-05,138,211,0,0.95
B0WR597BPU,2025-06,79,111,0,0.95
B0WR597BPU,2025-07,99,143,4,0.98
B0WR597BPU,2025-08,10,15,0,0.87
B0WR597BPU,2025-09,51,61,2,0.91
B0WR597BPU,2025-10,101,152,0,0.91
B0WR597BPU,2025-11,25,34,1,0.87
B0WR597BPU,2025-12,19,27,1,0.88
B0WR597BPU,2026-01,48,59,0,0.99
B0WR597BPU,2026-02,53,76,0,0.96
B0WR597BPU,2026-03,127,188,0,0.93
B0WR597BPU,2026-04,54,68,0,0.97
B0WR597BPU,2026-05,128,190,0,0.92
B0WR597BPU,2026-06,132,160,0,0.9
B08RJE02WW,2025-01,70,84,5,0.91
B08RJE02WW,2025-02,32,43,2,0.88
B08RJE02WW,2025-03,82,126,6,0.86
B08RJE02WW,2025-04,44,62,3,0.94
B08RJE02WW,2025-05,103,135,6,0.87
B08RJE02WW,2025-06,104,136,0,0.87
B08RJE02WW,2025-07,30,42,2,0.96
B08RJE02WW,2025-08,64,76,0,0.98
B08RJE02WW,2025-09,32,38,2,0.88
B08RJE02WW,2025-10,161,186,9,0.93
B08RJE02WW,2025-11,45,57,3,0.98
B08RJE02WW,2025-12,49,59,3,0.96
B08RJE02WW,2026-01,15,22,1,0.94
B08RJE02WW,2026-02,40,60,3,0.98
B08RJE02WW,2026-03,16,20,0,0.9
B08RJE02WW,2026-04,79,99,0,0.92
B08RJE02WW,2026-05,65,83,4,0.97
B08RJE02WW,2026-06,15,21,1,0.96
B0CPNCKVZR,2025-01,12,17,1,0.63
B0CPNCKVZR,2025-02,60,72,0,0.82
B0CPNCKVZR,2025-03,60,79,0,0.59
B0CPNCKVZR,2025-04,60,88,0,0.71
B0CPNCKVZR,2025-05,60,73,0,0.83
B0CPNCKVZR,2025-06,60,88,0,0.73
B0CPNCKVZR,2025-07,53,66,0,0.61
B0CPNCKVZR,2025-08,29,34,0,0.72
B0CPNCKVZR,2025-09,60,71,0,0.6
B0CPNCKVZR,2025-10,12,15,1,0.71
B0CPNCKVZR,2025-11,27,39,0,0.5
B0CPNCKVZR,2025-12,27,38,0,0.7
B0CPNCKVZR,2026-01,60,81,0,0.59
B0CPNCKVZR,2026-02,60,88,0,0.77
B0CPNCKVZR,2026-03,40,62,0,0.55
B0CPNCKVZR,2026-04,60,92,0,0.59
B0CPNCKVZR,2026-05,60,92,0,0.81
B0CPNCKVZR,2026-06,60,73,0,0.82
B0Q85PD1G6,2025-01,11,15,1,0.96
B0Q85PD1G6,2025-02,127,182,0,0.96
B0Q85PD1G6,2025-03,84,119,6,0.98
B0Q85PD1G6,2025-04,12,17,1,0.88
B0Q85PD1G6,2025-05,23,35,2,0.89
B0Q85PD1G6,2025-06,94,130,7,0.95
B0Q85PD1G6,2025-07,37,57,3,0.92
B0Q85PD1G6,2025-08,28,35,2,0.94
B0Q85PD1G6,2025-09,28,41,2,0.89
B0Q85PD1G6,2025-10,14,21,1,0.86
B0Q85PD1G6,2025-11,40,59,3,0.89
B0Q85PD1G6,2025-12,47,66,4,0.98
B0Q85PD1G6,2026-01,84,117,7,0.99
B0Q85PD1G6,2026-02,14,18,1,0.95
B0Q85PD1G6,2026-03,11,17,1,0.97
B0Q85PD1G6,2026-04,23,27,2,0.88
B0Q85PD1G6,2026-05,41,47,3,0.99
B0Q85PD1G6,2026-06,76,113,7,0.98
B0W61EHTPX,2025-01,60,74,0,0.71
B0W61EHTPX,2025-02,60,71,0,0.76
B0W61EHTPX,2025-03,60,77,0,0.72
B0W61EHTPX,2025-04,60,78,0,0.67
B0W61EHTPX,2025-05,60,83,0,0.52
B0W61EHTPX,2025-06,22,32,0,0.78
B0W61EHTPX,2025-07,60,71,0,0.6
B0W61EHTPX,2025-08,22,30,0,0.74
B0W61EHTPX,2025-09,60,86,0,0.53
B0W61EHTPX,2025-10,15,19,0,0.72
B0W61EHTPX,2025-11,60,77,0,0.57
B0W61EHTPX,2025-12,60,73,0,0.53
B0W61EHTPX,2026-01,26,37,0,0.72
B0W61EHTPX,2026-02,60,84,0,0.84
B0W61EHTPX,2026-03,12,18,0,0.51
B0W61EHTPX,2026-04,60,83,0,0.73
B0W61EHTPX,2026-05,60,81,0,0.51
B0W61EHTPX,2026-06,39,45,4,0.67
B0DDA4EXPW,2025-01,8,12,1,0.88
B0DDA4EXPW,2025-02,53,71,0,0.94
B0DDA4EXPW,2025-03,9,14,1,0.87
B0DDA4EXPW,2025-04,100,149,0,0.97
B0DDA4EXPW,2025-05,41,60,0,0.95
B0DDA4EXPW,2025-06,45,69,0,0.97
B0DDA4EXPW,2025-07,96,118,0,0.98
B0DDA4EXPW,2025-08,92,110,0,0.95
B0DDA4EXPW,2025-09,103,146,0,0.98
B0DDA4EXPW,2025-10,64,85,0,0.94
B0DDA4EXPW,2025-11,9,11,1,0.92
B0DDA4EXPW,2025-12,122,147,0,0.93
B0DDA4EXPW,2026-01,102,138,0,0.96
B0DDA4EXPW,2026-02,44,68,0,0.93
B0DDA4EXPW,2026-03,8,10,1,0.99
B0DDA4EXPW,2026-04,68,104,0,0.95
B0DDA4EXPW,2026-05,108,142,0,0.9
B0DDA4EXPW,2026-06,8,10,1,0.86
B07GWT52HM,2025-01,101,144,0,0.86
B07GWT52HM,2025-02,104,149,0,0.88
B07GWT52HM,2025-03,130,178,0,0.94
B07GWT52HM,2025-04,5,7,0,0.92
B07GWT52HM,2025-05,133,194,0,0.92
B07GWT52HM,2025-06,39,46,2,0.9
B07GWT52HM,2025-07,40,56,2,0.99
B07GWT52HM,2025-08,19,25,1,0.91
B07GWT52HM,2025-09,16,24,0,0.91
B07GWT52HM,2025-10,65,93,0,0.98
B07GWT52HM,2025-11,15,22,0,0.88
B07GWT52HM,2025-12,22,32,0,0.91
B07GWT52HM,2026-01,48,73,0,0.91
B07GWT52HM,2026-02,88,113,0,0.93
B07GWT52HM,2026-03,63,91,0,0.92
B07GWT52HM,2026-04,15,20,1,0.98
B07GWT52HM,2026-05,15,20,1,0.87
B07GWT52HM,2026-06,19,27,1,0.97
B0SFWKQDD5,2025-01,10,13,1,0.98
B0SFWKQDD5,2025-02,11,15,1,0.97
B0SFWKQDD5,2025-03,11,15,1,0.9
B0SFWKQDD5,2025-04,18,25,2,0.87
B0SFWKQDD5,2025-05,19,27,2,0.87
B0SFWKQDD5,2025-06,41,56,4,0.89
B0SFWKQDD5,2025-07,30,43,0,0.98
B0SFWKQDD5,2025-08,55,67,6,0.99
B0SFWKQDD5,2025-09,44,53,5,0.99
B0SFWKQDD5,2025-10,34,46,4,0.93
B0SFWKQDD5,2025-11,9,11,1,0.98
B0SFWKQDD5,2025-12,69,102,7,0.94
B0SFWKQDD5,2026-01,9,12,1,0.99
B0SFWKQDD5,2026-02,36,46,4,0.87
B0SFWKQDD5,2026-03,27,34,3,0.93
B0SFWKQDD5,2026-04,143,217,0,0.94
B0SFWKQDD5,2026-05,44,51,4,0.89
B0SFWKQDD5,2026-06,15,23,0,0.9
B0UFTNZLYW,2025-01,31,47,0,0.95
B0UFTNZLYW,2025-02,8,11,1,0.96
B0UFTNZLYW,2025-03,110,142,0,0.97
B0UFTNZLYW,2025-04,59,69,0,0.93
B0UFTNZLYW,2025-05,81,121,0,0.97
B0UFTNZLYW,2025-06,14,18,2,0.86
B0UFTNZLYW,2025-07,24,34,3,0.91
B0UFTNZLYW,2025-08,106,151,0,0.95
B0UFTNZLYW,2025-09,56,67,0,0.88
B0UFTNZLYW,2025-10,21,28,3,0.9
B0UFTNZLYW,2025-11,2,3,0,0.95
B0UFTNZLYW,2025-12,69,106,0,0.94
B0UFTNZLYW,2026-01,133,160,0,0.9
B0UFTNZLYW,2026-02,25,30,0,0.88
B0UFTNZLYW,2026-03,75,113,0,0.91
B0UFTNZLYW,2026-04,33,41,0,0.98
B0UFTNZLYW,2026-05,8,10,1,0.97
B0UFTNZLYW,2026-06,36,47,0,0.96
B0M9299AJ4,2025-01,70,94,0,0.95
B0M9299AJ4,2025-02,14,21,1,0.87
B0M9299AJ4,2025-03,111,163,0,0.93
B0M9299AJ4,2025-04,38,50,3,0.91
B0M9299AJ4,2025-05,129,172,0,0.96
B0M9299AJ4,2025-06,143,216,0,0.9
B0M9299AJ4,2025-07,15,22,1,0.89
B0M9299AJ4,2025-08,25,33,2,1.0
B0M9299AJ4,2025-09,38,50,3,0.88
B0M9299AJ4,2025-10,12,15,1,0.99
B0M9299AJ4,2025-11,49,75,4,0.94
B0M9299AJ4,2025-12,24,34,2,0.93
B0M9299AJ4,2026-01,49,57,4,0.92
B0M9299AJ4,2026-02,51,61,4,0.97
B0M9299AJ4,2026-03,76,97,0,0.96
B0M9299AJ4,2026-04,28,34,2,0.96
B0M9299AJ4,2026-05,85,106,7,0.87
B0M9299AJ4,2026-06,15,21,1,0.88
B0WKPVSC0B,2025-01,23,33,2,0.89
B0WKPVSC0B,2025-02,59,88,0,0.96
B0WKPVSC0B,2025-03,31,36,3,0.91
B0WKPVSC0B,2025-04,21,32,0,0.99
B0WKPVSC0B,2025-05,11,17,1,0.92
B0WKPVSC0B,2025-06,11,14,1,0.88
B0WKPVSC0B,2025-07,10,13,1,0.98
B0WKPVSC0B,2025-08,42,57,0,0.99
B0WKPVSC0B,2025-09,31,44,0,0.96
B0WKPVSC0B,2025-10,29,36,3,0.9
B0WKPVSC0B,2025-11,31,41,3,0.87
B0WKPVSC0B,2025-12,41,51,4,0.92
B0WKPVSC0B,2026-01,93,132,0,0.95
B0WKPVSC0B,2026-02,11,13,1,0.87
B0WKPVSC0B,2026-03,60,84,0,0.88
B0WKPVSC0B,2026-04,105,148,0,0.95
B0WKPVSC0B,2026-05,34,49,3,0.96
B0WKPVSC0B,2026-06,59,78,0,0.96
B0GDNTQUXZ,2025-01,120,158,0,0.88
B0GDNTQUXZ,2025-02,95,121,0,0.96
B0GDNTQUXZ,2025-03,110,127,0,0.87
B0GDNTQUXZ,2025-04,27,33,0,0.98
B0GDNTQUXZ,2025-05,113,152,0,0.95
B0GDNTQUXZ,2025-06,122,149,0,0.98
B0GDNTQUXZ,2025-07,101,144,0,0.92
B0GDNTQUXZ,2025-08,20,26,0,0.88
B0GDNTQUXZ,2025-09,148,193,0,0.92
B0GDNTQUXZ,2025-10,74,110,0,0.89
B0GDNTQUXZ,2025-11,23,34,1,0.95
B0GDNTQUXZ,2025-12,25,38,0,0.9
B0GDNTQUXZ,2026-01,3,4,0,0.97
B0GDNTQUXZ,2026-02,17,22,1,0.97
B0GDNTQUXZ,2026-03,29,34,0,0.99
B0GDNTQUXZ,2026-04,130,164,0,0.91
B0GDNTQUXZ,2026-05,13,17,0,0.92
B0GDNTQUXZ,2026-06,53,68,0,0.9
B07BRCRU82,2025-01,1,1,0,0.92
B07BRCRU82,2025-02,110,149,0,0.96
B07BRCRU82,2025-03,129,181,0,0.91
B07BRCRU82,2025-04,150,196,0,0.88
B07BRCRU82,2025-05,55,76,0,0.89
B07BRCRU82,2025-06,25,33,0,0.87
B07BRCRU82,2025-07,30,38,3,0.92
B07BRCRU82,2025-08,8,12,0,1.0
B07BRCRU82,2025-09,9,12,1,0.9
B07BRCRU82,2025-10,62,72,0,0.87
B07BRCRU82,2025-11,17,20,2,0.99
B07BRCRU82,2025-12,59,88,6,0.94
B07BRCRU82,2026-01,47,70,0,0.93
B07BRCRU82,2026-02,30,41,3,0.95
B07BRCRU82,2026-03,9,11,1,0.98
B07BRCRU82,2026-04,15,20,2,0.89
B07BRCRU82,2026-05,13,15,0,0.87
B07BRCRU82,2026-06,30,46,4,0.94
B0054NK7PS,2025-01,77,98,0,0.96
B0054NK7PS,2025-02,72,93,0,0.99
B0054NK7PS,2025-03,10,12,1,0.88
B0054NK7PS,2025-04,97,140,0,0.98
B0054NK7PS,2025-05,17,24,0,0.96
B0054NK7PS,2025-06,12,16,1,0.94
B0054NK7PS,2025-07,108,143,0,0.9
B0054NK7PS,2025-08,11,14,1,0.99
B0054NK7PS,2025-09,148,217,0,0.92
B0054NK7PS,2025-10,9,13,1,0.88
B0054NK7PS,2025-11,44,60,0,0.87
B0054NK7PS,2025-12,20,28,2,0.93
B0054NK7PS,2026-01,60,80,0,0.92
B0054NK7PS,2026-02,96,112,0,0.98
B0054NK7PS,2026-03,10,12,1,1.0
B0054NK7PS,2026-04,105,130,0,0.87
B0054NK7PS,2026-05,144,208,0,0.9
B0054NK7PS,2026-06,145,184,0,0.94
B0WCY6LU8P,2025-01,37,46,4,0.88
B0WCY6LU8P,2025-02,9,11,1,0.99
B0WCY6LU8P,2025-03,26,32,3,0.95
B0WCY6LU8P,2025-04,20,27,2,0.92
B0WCY6LU8P,2025-05,29,44,3,0.86
B0WCY6LU8P,2025-06,10,13,1,0.92
B0WCY6LU8P,2025-07,17,23,2,0.89
B0WCY6LU8P,2025-08,37,45,4,0.94
B0WCY6LU8P,2025-09,143,166,0,0.97
B0WCY6LU8P,2025-10,10,12,1,0.95
B0WCY6LU8P,2025-11,8,10,1,0.87
B0WCY6LU8P,2025-12,8,11,1,0.94
B0WCY6LU8P,2026-01,27,38,3,0.95
B0WCY6LU8P,2026-02,29,37,3,0.97
B0WCY6LU8P,2026-03,10,15,1,0.9
B0WCY6LU8P,2026-04,17,26,2,0.93
B0WCY6LU8P,2026-05,23,34,3,0.94
B0WCY6LU8P,2026-06,144,221,0,0.97
B00EGECWF5,2025-01,50,73,6,0.92
B00EGECWF5,2025-02,40,50,4,0.99
B00EGECWF5,2025-03,18,26,2,0.96
B00EGECWF5,2025-04,10,14,1,0.97
B00EGECWF5,2025-05,61,82,6,0.88
B00EGECWF5,2025-06,23,28,3,0.98
B00EGECWF5,2025-07,55,82,7,0.88
B00EGECWF5,2025-08,48,59,5,0.99
B00EGECWF5,2025-09,16,19,2,0.99
B00EGECWF5,2025-10,26,38,3,0.91
B00EGECWF5,2025-11,27,36,3,0.92
B00EGECWF5,2025-12,56,77,7,0.92
B00EGECWF5,2026-01,23,33,3,0.89
B00EGECWF5,2026-02,31,37,4,0.96
B00EGECWF5,2026-03,109,166,0,0.99
B00EGECWF5,2026-04,46,69,0,0.99
B00EGECWF5,2026-05,30,39,4,0.99
B00EGECWF5,2026-06,37,54,4,0.91
B0A8X9FRKN,2025-01,109,139,0,0.87
B0A8X9FRKN,2025-02,58,82,3,0.93
B0A8X9FRKN,2025-03,38,45,2,0.95
B0A8X9FRKN,2025-04,31,39,2,0.97
B0A8X9FRKN,2025-05,17,26,1,0.95
B0A8X9FRKN,2025-06,73,90,4,0.95
B0A8X9FRKN,2025-07,114,166,8,0.99
B0A8X9FRKN,2025-08,40,51,2,0.92
B0A8X9FRKN,2025-09,46,55,3,0.87
B0A8X9FRKN,2025-10,31,40,2,0.97
B0A8X9FRKN,2025-11,108,167,6,0.91
B0A8X9FRKN,2025-12,116,144,7,0.86
B0A8X9FRKN,2026-01,97,129,0,0.96
B0A8X9FRKN,2026-02,19,27,1,0.95
B0A8X9FRKN,2026-03,94,126,5,0.94
B0A8X9FRKN,2026-04,58,87,3,0.95
B0A8X9FRKN,2026-05,61,75,4,0.88
B0A8X9FRKN,2026-06,20,24,1,0.96
B0JH68DJ8G,2025-01,56,78,8,0.89
B0JH68DJ8G,2025-02,42,55,5,0.98
B0JH68DJ8G,2025-03,75,109,10,0.98
B0JH68DJ8G,2025-04,26,31,3,0.98
B0JH68DJ8G,2025-05,56,79,6,0.99
B0JH68DJ8G,2025-06,27,40,3,0.92
B0JH68DJ8G,2025-07,32,48,4,0.95
B0JH68DJ8G,2025-08,27,39,3,0.88
B0JH68DJ8G,2025-09,27,35,4,0.87
B0JH68DJ8G,2025-10,37,50,4,0.86
B0JH68DJ8G,2025-11,57,84,8,0.96
B0JH68DJ8G,2025-12,140,161,15,0.96
B0JH68DJ8G,2026-01,18,22,2,0.98
B0JH68DJ8G,2026-02,28,42,3,0.96
B0JH68DJ8G,2026-03,51,66,6,0.87
B0JH68DJ8G,2026-04,63,80,7,0.96
B0JH68DJ8G,2026-05,8,12,1,0.89
B0JH68DJ8G,2026-06,59,89,0,1.0
B0ERBP9846,2025-01,46,55,2,0.96
B0ERBP9846,2025-02,23,33,1,0.91
B0ERBP9846,2025-03,108,140,4,0.96
B0ERBP9846,2025-04,51,64,2,0.95
B0ERBP9846,2025-05,122,187,5,0.86
B0ERBP9846,2025-06,78,112,0,0.87
B0ERBP9846,2025-07,64,91,0,0.95
B0ERBP9846,2025-08,124,153,0,0.89
B0ERBP9846,2025-09,25,33,1,0.95
B0ERBP9846,2025-10,27,38,1,0.89
B0ERBP9846,2025-11,27,34,1,0.91
B0ERBP9846,2025-12,23,34,1,0.96
B0ERBP9846,2026-01,51,62,2,0.96
B0ERBP9846,2026-02,85,109,4,0.88
B0ERBP9846,2026-03,61,84,0,0.86
B0ERBP9846,2026-04,46,68,2,0.86
B0ERBP9846,2026-05,43,51,2,0.87
B0ERBP9846,2026-06,22,28,1,0.87
B0936760J9,2025-01,20,28,1,0.93
B0936760J9,2025-02,24,37,1,0.91
B0936760J9,2025-03,21,25,1,0.97
B0936760J9,2025-04,20,24,1,0.9
B0936760J9,2025-05,60,87,3,0.94
B0936760J9,2025-06,21,25,1,0.99
B0936760J9,2025-07,21,30,1,0.99
B0936760J9,2025-08,91,107,5,0.92
B0936760J9,2025-09,45,65,2,0.86
B0936760J9,2025-10,19,23,1,0.88
B0936760J9,2025-11,45,56,2,0.96
B0936760J9,2025-12,37,46,2,0.98
B0936760J9,2026-01,64,78,3,0.99
B0936760J9,2026-02,68,80,0,0.87
B0936760J9,2026-03,109,134,0,0.86
B0936760J9,2026-04,36,51,2,0.91
B0936760J9,2026-05,63,92,3,0.92
B0936760J9,2026-06,19,28,1,0.98
B01XGTD2M1,2025-01,112,156,0,0.87
B01XGTD2M1,2025-02,61,79,0,0.92
B01XGTD2M1,2025-03,7,10,0,0.89
B01XGTD2M1,2025-04,62,76,0,0.92
B01XGTD2M1,2025-05,74,109,0,0.9
B01XGTD2M1,2025-06,149,194,0,1.0
B01XGTD2M1,2025-07,42,62,0,0.89
B01XGTD2M1,2025-08,58,75,0,0.87
B01XGTD2M1,2025-09,10,13,0,0.94
B01XGTD2M1,2025-10,91,141,0,0.89
B01XGTD2M1,2025-11,74,93,0,0.93
B01XGTD2M1,2025-12,20,25,1,0.89
B01XGTD2M1,2026-01,120,183,0,0.98
B01XGTD2M1,2026-02,44,68,0,0.97
B01XGTD2M1,2026-03,21,32,1,0.92
B01XGTD2M1,2026-04,33,39,0,0.95
B01XGTD2M1,2026-05,138,175,0,0.97
B01XGTD2M1,2026-06,19,24,1,0.9
B0CWALEK2Y,2025-01,37,50,5,0.91
B0CWALEK2Y,2025-02,74,86,9,0.99
B0CWALEK2Y,2025-03,33,42,4,0.9
B0CWALEK2Y,2025-04,56,75,6,0.92
B0CWALEK2Y,2025-05,25,39,3,0.9
B0CWALEK2Y,2025-06,121,178,12,0.89
B0CWALEK2Y,2025-07,81,101,9,0.96
B0CWALEK2Y,2025-08,40,57,4,0.96
B0CWALEK2Y,2025-09,38,47,4,0.98
B0CWALEK2Y,2025-10,19,29,2,0.92
B0CWALEK2Y,2025-11,37,50,4,0.9
B0CWALEK2Y,2025-12,69,80,8,0.93
B0CWALEK2Y,2026-01,29,42,3,0.94
B0CWALEK2Y,2026-02,16,24,2,0.91
B0CWALEK2Y,2026-03,28,36,3,0.9
B0CWALEK2Y,2026-04,59,89,6,0.94
B0CWALEK2Y,2026-05,61,87,6,0.96
B0CWALEK2Y,2026-06,22,27,3,0.92
B0PF199V27,2025-01,15,18,2,0.87
B0PF199V27,2025-02,58,72,0,0.92
B0PF199V27,2025-03,7,9,1,0.99
B0PF199V27,2025-04,36,44,0,0.97
B0PF199V27,2025-05,7,11,1,0.89
B0PF199V27,2025-06,90,120,0,0.9
B0PF199V27,2025-07,93,116,0,0.96
B0PF199V27,2025-08,8,11,1,0.92
B0PF199V27,2025-09,133,194,0,0.98
B0PF199V27,2025-10,39,46,0,0.87
B0PF199V27,2025-11,17,21,0,0.89
B0PF199V27,2025-12,25,34,3,0.89
B0PF199V27,2026-01,86,131,0,0.94
B0PF199V27,2026-02,8,9,1,0.96
B0PF199V27,2026-03,8,11,1,0.91
B0PF199V27,2026-04,25,35,0,0.91
B0PF199V27,2026-05,8,10,1,0.98
B0PF199V27,2026-06,7,8,1,0.93
B02SLUXEFA,2025-01,3,4,0,0.89
B02SLUXEFA,2025-02,85,127,0,0.97
B02SLUXEFA,2025-03,87,107,0,0.87
B02SLUXEFA,2025-04,24,35,0,0.96
B02SLUXEFA,2025-05,117,168,0,0.96
B02SLUXEFA,2025-06,7,8,1,0.91
B02SLUXEFA,2025-07,7,10,1,0.96
B02SLUXEFA,2025-08,143,213,0,1.0
B02SLUXEFA,2025-09,6,8,1,0.94
B02SLUXEFA,2025-10,117,165,0,0.94
B02SLUXEFA,2025-11,128,171,0,0.98
B02SLUXEFA,2025-12,7,8,1,0.98
B02SLUXEFA,2026-01,100,125,0,0.9
B02SLUXEFA,2026-02,75,90,0,0.91
B02SLUXEFA,2026-03,20,26,0,0.9
B02SLUXEFA,2026-04,95,145,0,0.9
B02SLUXEFA,2026-05,101,142,0,0.92
B02SLUXEFA,2026-06,63,85,0,1.0
B0KMG3BBNV,2025-01,8,11,1,0.89
B0KMG3BBNV,2025-02,9,12,1,0.91
B0KMG3BBNV,2025-03,11,17,0,0.92
B0KMG3BBNV,2025-04,7,9,1,0.87
B0KMG3BBNV,2025-05,148,176,0,0.86
B0KMG3BBNV,2025-06,7,10,1,0.88
B0KMG3BBNV,2025-07,86,130,0,0.94
B0KMG3BBNV,2025-08,40,49,0,0.94
B0KMG3BBNV,2025-09,48,62,0,0.93
B0KMG3BBNV,2025-10,28,33,0,0.96
B0KMG3BBNV,2025-11,106,138,0,0.98
B0KMG3BBNV,2025-12,36,55,4,0.98
B0KMG3BBNV,2026-01,12,15,0,0.89
B0KMG3BBNV,2026-02,15,20,2,0.99
B0KMG3BBNV,2026-03,6,9,0,0.88
B0KMG3BBNV,2026-04,138,168,0,0.87
B0KMG3BBNV,2026-05,82,110,0,0.86
B0KMG3BBNV,2026-06,123,171,0,0.86
B0U0VF1HMG,2025-01,153,193,9,0.92
B0U0VF1HMG,2025-02,98,122,5,0.89
B0U0VF1HMG,2025-03,117,177,6,0.86
B0U0VF1HMG,2025-04,60,83,3,0.99
B0U0VF1HMG,2025-05,185,249,11,0.92
B0U0VF1HMG,2025-06,190,284,9,0.97
B0U0VF1HMG,2025-07,178,224,10,0.95
B0U0VF1HMG,2025-08,174,202,8,0.99
B0U0VF1HMG,2025-09,147,219,8,0.92
B0U0VF1HMG,2025-10,116,164,6,0.89
B0U0VF1HMG,2025-11,188,273,9,0.97
B0U0VF1HMG,2025-12,203,267,10,0.92
B0U0VF1HMG,2026-01,52,65,3,0.99
B0U0VF1HMG,2026-02,109,137,5,0.98
B0U0VF1HMG,2026-03,104,126,6,0.9
B0U0VF1HMG,2026-04,104,159,5,0.96
B0U0VF1HMG,2026-05,155,239,8,0.92
B0U0VF1HMG,2026-06,95,131,5,0.92
B085JJ3ZXF,2025-01,64,92,7,0.92
B085JJ3ZXF,2025-02,16,24,2,0.96
B085JJ3ZXF,2025-03,17,23,2,0.98
B085JJ3ZXF,2025-04,83,100,0,0.97
B085JJ3ZXF,2025-05,40,52,4,0.94
B085JJ3ZXF,2025-06,18,24,2,0.99
B085JJ3ZXF,2025-07,8,11,1,0.89
B085JJ3ZXF,2025-08,20,28,2,0.93
B085JJ3ZXF,2025-09,18,27,2,0.88
B085JJ3ZXF,2025-10,10,15,1,0.92
B085JJ3ZXF,2025-11,25,29,3,0.87
B085JJ3ZXF,2025-12,58,86,6,0.91
B085JJ3ZXF,2026-01,60,78,0,1.0
B085JJ3ZXF,2026-02,8,10,1,0.87
B085JJ3ZXF,2026-03,24,32,3,0.95
B085JJ3ZXF,2026-04,34,40,4,0.99
B085JJ3ZXF,2026-05,119,179,0,0.88
B085JJ3ZXF,2026-06,8,11,1,0.95
B0XHVV9SEX,2025-01,78,107,0,0.99
B0XHVV9SEX,2025-02,8,10,1,0.87
B0XHVV9SEX,2025-03,20,24,2,0.99
B0XHVV9SEX,2025-04,2,3,0,0.93
B0XHVV9SEX,2025-05,70,86,0,0.95
B0XHVV9SEX,2025-06,89,110,0,0.97
B0XHVV9SEX,2025-07,99,123,0,0.86
B0XHVV9SEX,2025-08,133,171,0,0.91
B0XHVV9SEX,2025-09,10,15,1,0.93
B0XHVV9SEX,2025-10,16,24,2,0.93
B0XHVV9SEX,2025-11,137,162,0,0.9
B0XHVV9SEX,2025-12,0,0,0,0.97
B0XHVV9SEX,2026-01,130,196,0,0.9
B0XHVV9SEX,2026-02,8,10,1,0.93
B0XHVV9SEX,2026-03,10,12,0,0.88
B0XHVV9SEX,2026-04,21,27,0,0.98
B0XHVV9SEX,2026-05,145,183,0,0.89
B0XHVV9SEX,2026-06,10,14,1,0.89
B0FA6PK7S1,2025-01,150,212,0,0.86
B0FA6PK7S1,2025-02,26,32,3,0.96
B0FA6PK7S1,2025-03,41,61,0,0.87
B0FA6PK7S1,2025-04,23,30,3,0.92
B0FA6PK7S1,2025-05,17,23,2,0.98
B0FA6PK7S1,2025-06,21,32,3,0.99
B0FA6PK7S1,2025-07,77,90,0,0.98
B0FA6PK7S1,2025-08,8,11,1,0.91
B0FA6PK7S1,2025-09,138,178,0,0.94
B0FA6PK7S1,2025-10,21,24,3,0.88
B0FA6PK7S1,2025-11,40,60,5,1.0
B0FA6PK7S1,2025-12,17,22,2,0.95
B0FA6PK7S1,2026-01,116,174,0,0.94
B0FA6PK7S1,2026-02,16,21,2,0.89
B0FA6PK7S1,2026-03,90,129,0,0.9
B0FA6PK7S1,2026-04,9,13,1,0.9
B0FA6PK7S1,2026-05,29,36,4,0.96
B0FA6PK7S1,2026-06,9,14,1,1.0
B0U3W04VY2,2025-01,60,77,0,0.65
B0U3W04VY2,2025-02,60,77,0,0.59
B0U3W04VY2,2025-03,60,75,0,0.52
B0U3W04VY2,2025-04,60,89,0,0.8
B0U3W04VY2,2025-05,60,83,0,0.56
B0U3W04VY2,2025-06,60,84,0,0.81
B0U3W04VY2,2025-07,60,71,0,0.55
B0U3W04VY2,2025-08,36,54,0,0.64
B0U3W04VY2,2025-09,60,92,0,0.58
B0U3W04VY2,2025-10,13,16,0,0.64
B0U3W04VY2,2025-11,16,19,0,0.62
B0U3W04VY2,2025-12,13,20,0,0.8
B0U3W04VY2,2026-01,35,49,0,0.64
B0U3W04VY2,2026-02,60,77,0,0.77
B0U3W04VY2,2026-03,60,77,0,0.72
B0U3W04VY2,2026-04,60,70,0,0.71
B0U3W04VY2,2026-05,60,90,0,0.82
B0U3W04VY2,2026-06,42,52,0,0.65
B0GJL7P973,2025-01,68,79,5,0.96
B0GJL7P973,2025-02,92,137,8,0.88
B0GJL7P973,2025-03,183,243,12,0.93
B0GJL7P973,2025-04,83,101,7,0.94
B0GJL7P973,2025-05,44,64,3,0.87
B0GJL7P973,2025-06,26,35,2,0.89
B0GJL7P973,2025-07,45,66,3,0.87
B0GJL7P973,2025-08,74,108,6,0.88
B0GJL7P973,2025-09,47,59,3,0.94
B0GJL7P973,2025-10,158,194,10,0.9
B0GJL7P973,2025-11,95,138,7,0.92
B0GJL7P973,2025-12,138,211,10,0.94
B0GJL7P973,2026-01,15,23,1,0.86
B0GJL7P973,2026-02,51,65,4,0.95
B0GJL7P973,2026-03,116,157,8,0.93
B0GJL7P973,2026-04,59,75,4,0.96
B0GJL7P973,2026-05,61,86,5,0.9
B0GJL7P973,2026-06,83,126,6,0.92
B0C4JKS52V,2025-01,53,65,0,0.89
B0C4JKS52V,2025-02,124,143,0,0.94
B0C4JKS52V,2025-03,21,27,0,0.96
B0C4JKS52V,2025-04,73,110,0,0.96
B0C4JKS52V,2025-05,134,202,0,0.88
B0C4JKS52V,2025-06,100,140,0,0.99
B0C4JKS52V,2025-07,85,120,0,0.94
B0C4JKS52V,2025-08,136,176,0,0.96
B0C4JKS52V,2025-09,28,37,1,0.93
B0C4JKS52V,2025-10,9,13,0,0.98
B0C4JKS52V,2025-11,60,78,0,0.9
B0C4JKS52V,2025-12,150,231,0,0.91
B0C4JKS52V,2026-01,87,109,0,0.94
B0C4JKS52V,2026-02,119,163,0,0.94
B0C4JKS52V,2026-03,58,70,0,0.92
B0C4JKS52V,2026-04,1,2,0,0.93
B0C4JKS52V,2026-05,140,213,0,0.97
B0C4JKS52V,2026-06,98,149,0,0.9
B0P5FBKME8,2025-01,149,218,10,0.87
B0P5FBKME8,2025-02,103,153,7,0.97
B0P5FBKME8,2025-03,144,206,9,0.93
B0P5FBKME8,2025-04,126,159,9,1.0
B0P5FBKME8,2025-05,82,100,6,0.88
B0P5FBKME8,2025-06,87,129,5,0.89
B0P5FBKME8,2025-07,75,102,5,0.95
B0P5FBKME8,2025-08,186,278,12,0.97
B0P5FBKME8,2025-09,108,150,8,0.91
B0P5FBKME8,2025-10,180,267,11,0.88
B0P5FBKME8,2025-11,236,339,15,0.94
B0P5FBKME8,2025-12,41,61,3,0.98
B0P5FBKME8,2026-01,87,117,6,0.96
B0P5FBKME8,2026-02,143,179,8,0.87
B0P5FBKME8,2026-03,64,80,4,0.93
B0P5FBKME8,2026-04,54,67,4,0.98
B0P5FBKME8,2026-05,249,364,18,0.89
B0P5FBKME8,2026-06,179,214,11,0.95
B0UD0VSZWR,2025-01,60,81,0,0.54
B0UD0VSZWR,2025-02,60,75,0,0.82
B0UD0VSZWR,2025-03,60,79,0,0.85
B0UD0VSZWR,2025-04,58,78,0,0.7
B0UD0VSZWR,2025-05,60,76,0,0.53
B0UD0VSZWR,2025-06,8,12,0,0.6
B0UD0VSZWR,2025-07,60,81,0,0.75
B0UD0VSZWR,2025-08,39,56,0,0.58
B0UD0VSZWR,2025-09,3,4,0,0.55
B0UD0VSZWR,2025-10,60,89,0,0.79
B0UD0VSZWR,2025-11,21,26,1,0.67
B0UD0VSZWR,2025-12,60,87,0,0.73
B0UD0VSZWR,2026-01,60,79,0,0.55
B0UD0VSZWR,2026-02,2,2,0,0.71
B0UD0VSZWR,2026-03,55,85,0,0.69
B0UD0VSZWR,2026-04,60,78,0,0.81
B0UD0VSZWR,2026-05,9,11,0,0.74
B0UD0VSZWR,2026-06,60,74,0,0.67
B043M1S1C4,2025-01,84,108,5,0.89
B043M1S1C4,2025-02,17,23,1,0.87
B043M1S1C4,2025-03,48,65,3,0.89
B043M1S1C4,2025-04,92,115,6,0.98
B043M1S1C4,2025-05,46,70,0,0.86
B043M1S1C4,2025-06,68,104,4,0.86
B043M1S1C4,2025-07,150,202,10,0.91
B043M1S1C4,2025-08,84,112,6,0.92
B043M1S1C4,2025-09,50,61,3,0.91
B043M1S1C4,2025-10,47,58,3,0.92
B043M1S1C4,2025-11,156,226,8,0.87
B043M1S1C4,2025-12,29,38,2,0.9
B043M1S1C4,2026-01,7,9,0,0.95
B043M1S1C4,2026-02,36,47,2,0.96
B043M1S1C4,2026-03,16,23,1,1.0
B043M1S1C4,2026-04,18,21,1,0.93
B043M1S1C4,2026-05,15,20,1,0.9
B043M1S1C4,2026-06,17,22,1,0.9
B08UGTRB3Y,2025-01,89,108,7,0.89
B08UGTRB3Y,2025-02,70,108,6,0.87
B08UGTRB3Y,2025-03,75,109,6,0.93
B08UGTRB3Y,2025-04,46,53,4,0.91
B08UGTRB3Y,2025-05,102,134,8,1.0
B08UGTRB3Y,2025-06,31,37,3,0.87
B08UGTRB3Y,2025-07,11,17,1,0.92
B08UGTRB3Y,2025-08,110,135,12,0.92
B08UGTRB3Y,2025-09,73,99,6,0.98
B08UGTRB3Y,2025-10,37,44,4,0.95
B08UGTRB3Y,2025-11,129,183,12,0.92
B08UGTRB3Y,2025-12,77,95,8,0.99
B08UGTRB3Y,2026-01,30,46,3,0.9
B08UGTRB3Y,2026-02,62,72,5,0.98
B08UGTRB3Y,2026-03,33,45,3,0.98
B08UGTRB3Y,2026-04,39,56,4,0.99
B08UGTRB3Y,2026-05,27,34,3,0.99
B08UGTRB3Y,2026-06,37,45,4,0.95
B0NKTX370W,2025-01,40,51,5,0.88
B0NKTX370W,2025-02,18,22,3,0.99
B0NKTX370W,2025-03,24,36,4,0.95
B0NKTX370W,2025-04,12,17,2,0.91
B0NKTX370W,2025-05,7,11,1,0.9
B0NKTX370W,2025-06,6,7,1,1.0
B0NKTX370W,2025-07,69,82,9,0.92
B0NKTX370W,2025-08,36,52,5,0.9
B0NKTX370W,2025-09,11,15,0,0.98
B0NKTX370W,2025-10,21,28,3,0.9
B0NKTX370W,2025-11,20,31,3,0.97
B0NKTX370W,2025-12,52,78,8,0.94
B0NKTX370W,2026-01,29,42,4,0.91
B0NKTX370W,2026-02,15,20,2,0.88
B0NKTX370W,2026-03,7,10,1,0.87
B0NKTX370W,2026-04,14,19,2,0.91
B0NKTX370W,2026-05,15,22,2,0.99
B0NKTX370W,2026-06,6,8,1,0.95
B0G3W4FNRY,2025-01,46,61,0,0.87
B0G3W4FNRY,2025-02,134,197,0,0.97
B0G3W4FNRY,2025-03,6,9,0,0.94
B0G3W4FNRY,2025-04,25,34,0,0.88
B0G3W4FNRY,2025-05,117,175,0,0.87
B0G3W4FNRY,2025-06,14,20,0,0.89
B0G3W4FNRY,2025-07,9,11,1,0.88
B0G3W4FNRY,2025-08,23,34,2,0.93
B0G3W4FNRY,2025-09,27,38,0,0.97
B0G3W4FNRY,2025-10,114,133,0,0.98
B0G3W4FNRY,2025-11,23,27,0,1.0
B0G3W4FNRY,2025-12,21,30,2,0.97
B0G3W4FNRY,2026-01,43,59,0,0.97
B0G3W4FNRY,2026-02,12,15,1,0.88
B0G3W4FNRY,2026-03,149,221,0,0.86
B0G3W4FNRY,2026-04,1,1,0,0.9
B0G3W4FNRY,2026-05,146,212,0,0.88
B0G3W4FNRY,2026-06,94,134,0,0.92
B09YYU37MZ,2025-01,60,85,0,0.71
B09YYU37MZ,2025-02,60,75,0,0.79
B09YYU37MZ,2025-03,54,66,0,0.53
B09YYU37MZ,2025-04,14,17,0,0.67
B09YYU37MZ,2025-05,60,84,0,0.67
B09YYU37MZ,2025-06,60,80,0,0.61
B09YYU37MZ,2025-07,21,26,0,0.78
B09YYU37MZ,2025-08,60,85,0,0.8
B09YYU37MZ,2025-09,22,33,0,0.58
B09YYU37MZ,2025-10,8,11,1,0.81
B09YYU37MZ,2025-11,60,72,0,0.54
B09YYU37MZ,2025-12,54,69,0,0.53
B09YYU37MZ,2026-01,42,54,0,0.75
B09YYU37MZ,2026-02,53,80,0,0.65
B09YYU37MZ,2026-03,48,57,0,0.83
B09YYU37MZ,2026-04,30,46,0,0.58
B09YYU37MZ,2026-05,60,75,0,0.63
B09YYU37MZ,2026-06,60,81,0,0.66
B0SSL9ZZJT,2025-01,42,65,0,0.99
B0SSL9ZZJT,2025-02,11,15,0,0.86
B0SSL9ZZJT,2025-03,14,17,0,0.86
B0SSL9ZZJT,2025-04,132,188,0,0.96
B0SSL9ZZJT,2025-05,10,14,0,0.96
B0SSL9ZZJT,2025-06,12,17,1,0.99
B0SSL9ZZJT,2025-07,5,6,0,0.97
B0SSL9ZZJT,2025-08,0,0,0,0.99
B0SSL9ZZJT,2025-09,9,12,1,0.88
B0SSL9ZZJT,2025-10,149,214,0,0.94
B0SSL9ZZJT,2025-11,111,172,0,0.96
B0SSL9ZZJT,2025-12,12,15,1,0.87
B0SSL9ZZJT,2026-01,68,104,0,0.97
B0SSL9ZZJT,2026-02,58,67,0,0.9
B0SSL9ZZJT,2026-03,38,45,0,0.98
B0SSL9ZZJT,2026-04,12,14,0,0.89
B0SSL9ZZJT,2026-05,95,120,0,0.89
B0SSL9ZZJT,2026-06,63,76,0,0.88
B0E32FCLF7,2025-01,43,62,0,0.69
B0E32FCLF7,2025-02,60,88,0,0.78
B0E32FCLF7,2025-03,60,86,0,0.55
B0E32FCLF7,2025-04,60,79,0,0.83
B0E32FCLF7,2025-05,31,39,0,0.81
B0E32FCLF7,2025-06,60,78,0,0.76
B0E32FCLF7,2025-07,48,62,0,0.57
B0E32FCLF7,2025-08,60,74,0,0.72
B0E32FCLF7,2025-09,60,86,0,0.53
B0E32FCLF7,2025-10,60,90,0,0.62
B0E32FCLF7,2025-11,60,72,0,0.85
B0E32FCLF7,2025-12,26,21,3,0.56
B0E32FCLF7,2026-01,60,88,0,0.56
B0E32FCLF7,2026-02,60,82,0,0.67
B0E32FCLF7,2026-03,60,85,0,0.62
B0E32FCLF7,2026-04,60,85,0,0.77
B0E32FCLF7,2026-05,53,74,0,0.58
B0E32FCLF7,2026-06,60,74,0,0.51
B03QFWA54M,2025-01,11,13,1,0.92
B03QFWA54M,2025-02,9,12,1,0.95
B03QFWA54M,2025-03,8,10,0,0.96
B03QFWA54M,2025-04,23,29,2,0.92
B03QFWA54M,2025-05,32,46,3,0.98
B03QFWA54M,2025-06,11,14,1,0.88
B03QFWA54M,2025-07,147,216,0,0.96
B03QFWA54M,2025-08,31,38,0,0.87
B03QFWA54M,2025-09,9,12,1,0.86
B03QFWA54M,2025-10,19,26,2,0.92
B03QFWA54M,2025-11,142,207,0,0.93
B03QFWA54M,2025-12,127,156,0,0.86
B03QFWA54M,2026-01,17,20,0,0.88
B03QFWA54M,2026-02,61,77,0,0.91
B03QFWA54M,2026-03,126,175,0,0.98
B03QFWA54M,2026-04,20,25,0,0.96
B03QFWA54M,2026-05,19,28,2,0.9
B03QFWA54M,2026-06,10,15,1,0.9
B0SQ7F7BFE,2025-01,38,51,3,0.94
B0SQ7F7BFE,2025-02,13,18,1,0.93
B0SQ7F7BFE,2025-03,40,53,3,0.96
B0SQ7F7BFE,2025-04,46,59,4,0.91
B0SQ7F7BFE,2025-05,14,21,1,0.89
B0SQ7F7BFE,2025-06,10,14,1,0.94
B0SQ7F7BFE,2025-07,129,166,0,0.89
B0SQ7F7BFE,2025-08,40,61,3,0.99
B0SQ7F7BFE,2025-09,75,89,7,0.95
B0SQ7F7BFE,2025-10,95,130,7,0.99
B0SQ7F7BFE,2025-11,63,94,5,0.97
B0SQ7F7BFE,2025-12,68,89,5,0.91
B0SQ7F7BFE,2026-01,25,32,2,0.88
B0SQ7F7BFE,2026-02,67,83,0,0.95
B0SQ7F7BFE,2026-03,39,46,3,0.94
B0SQ7F7BFE,2026-04,75,116,6,0.97
B0SQ7F7BFE,2026-05,52,72,4,0.93
B0SQ7F7BFE,2026-06,13,15,1,0.94
B03RTJKKB4,2025-01,60,85,0,0.82
B03RTJKKB4,2025-02,7,8,0,0.58
B03RTJKKB4,2025-03,51,64,0,0.82
B03RTJKKB4,2025-04,2,2,0,0.59
B03RTJKKB4,2025-05,60,70,0,0.75
B03RTJKKB4,2025-06,26,32,0,0.74
B03RTJKKB4,2025-07,2,3,0,0.78
B03RTJKKB4,2025-08,60,89,0,0.57
B03RTJKKB4,2025-09,9,11,1,0.5
B03RTJKKB4,2025-10,41,54,0,0.69
B03RTJKKB4,2025-11,58,86,0,0.68
B03RTJKKB4,2025-12,27,36,0,0.73
B03RTJKKB4,2026-01,60,82,0,0.79
B03RTJKKB4,2026-02,60,72,0,0.58
B03RTJKKB4,2026-03,16,24,0,0.73
B03RTJKKB4,2026-04,60,74,0,0.52
B03RTJKKB4,2026-05,48,57,0,0.74
B03RTJKKB4,2026-06,9,10,0,0.73
B0GUBJ397E,2025-01,36,56,3,0.9
B0GUBJ397E,2025-02,51,68,0,0.95
B0GUBJ397E,2025-03,77,103,0,0.96
B0GUBJ397E,2025-04,12,15,1,0.87
B0GUBJ397E,2025-05,42,60,0,0.97
B0GUBJ397E,2025-06,28,38,0,0.86
B0GUBJ397E,2025-07,133,160,0,0.9
B0GUBJ397E,2025-08,62,95,0,0.96
B0GUBJ397E,2025-09,44,66,0,0.98
B0GUBJ397E,2025-10,51,61,0,0.95
B0GUBJ397E,2025-11,115,154,0,0.99
B0GUBJ397E,2025-12,11,14,1,0.91
B0GUBJ397E,2026-01,37,56,0,0.96
B0GUBJ397E,2026-02,113,169,0,1.0
B0GUBJ397E,2026-03,90,136,0,0.99
B0GUBJ397E,2026-04,47,72,0,0.96
B0GUBJ397E,2026-05,65,76,0,0.95
B0GUBJ397E,2026-06,146,210,0,0.89
B04N2RZ3JC,2025-01,116,160,0,0.97
B04N2RZ3JC,2025-02,109,133,0,0.92
B04N2RZ3JC,2025-03,67,93,0,0.91
B04N2RZ3JC,2025-04,9,13,1,0.93
B04N2RZ3JC,2025-05,21,29,0,0.9
B04N2RZ3JC,2025-06,73,97,0,0.93
B04N2RZ3JC,2025-07,95,110,0,0.94
B04N2RZ3JC,2025-08,5,8,0,0.93
B04N2RZ3JC,2025-09,72,96,0,0.94
B04N2RZ3JC,2025-10,119,140,0,0.97
B04N2RZ3JC,2025-11,147,201,0,0.93
B04N2RZ3JC,2025-12,81,111,0,0.87
B04N2RZ3JC,2026-01,140,177,0,0.94
B04N2RZ3JC,2026-02,8,12,1,0.95
B04N2RZ3JC,2026-03,72,91,0,0.98
B04N2RZ3JC,2026-04,7,11,1,0.97
B04N2RZ3JC,2026-05,42,59,0,0.96
B04N2RZ3JC,2026-06,143,213,0,0.94
B0NGF9R3E9,2025-01,3,4,0,0.89
B0NGF9R3E9,2025-02,49,63,0,0.95
B0NGF9R3E9,2025-03,0,0,0,0.89
B0NGF9R3E9,2025-04,115,168,0,0.91
B0NGF9R3E9,2025-05,33,50,2,0.9
B0NGF9R3E9,2025-06,34,41,2,0.88
B0NGF9R3E9,2025-07,76,88,0,0.96
B0NGF9R3E9,2025-08,107,151,0,0.93
B0NGF9R3E9,2025-09,70,101,0,0.92
B0NGF9R3E9,2025-10,16,21,1,0.91
B0NGF9R3E9,2025-11,0,0,0,0.97
B0NGF9R3E9,2025-12,61,88,0,0.94
B0NGF9R3E9,2026-01,117,166,0,0.98
B0NGF9R3E9,2026-02,1,1,0,0.93
B0NGF9R3E9,2026-03,127,175,0,0.93
B0NGF9R3E9,2026-04,87,115,0,0.91
B0NGF9R3E9,2026-05,105,142,0,0.92
B0NGF9R3E9,2026-06,13,19,1,0.9
B08B0R5CPH,2025-01,60,81,0,0.59
B08B0R5CPH,2025-02,60,92,0,0.78
B08B0R5CPH,2025-03,57,84,0,0.51
B08B0R5CPH,2025-04,60,88,0,0.52
B08B0R5CPH,2025-05,27,33,0,0.8
B08B0R5CPH,2025-06,37,47,3,0.74
B08B0R5CPH,2025-07,60,76,0,0.67
B08B0R5CPH,2025-08,42,60,0,0.58
B08B0R5CPH,2025-09,60,84,0,0.75
B08B0R5CPH,2025-10,60,79,0,0.51
B08B0R5CPH,2025-11,30,44,0,0.52
B08B0R5CPH,2025-12,60,76,0,0.58
B08B0R5CPH,2026-01,60,79,0,0.62
B08B0R5CPH,2026-02,60,84,0,0.67
B08B0R5CPH,2026-03,56,86,0,0.67
B08B0R5CPH,2026-04,17,25,0,0.6
B08B0R5CPH,2026-05,50,72,0,0.69
B08B0R5CPH,2026-06,5,6,0,0.66
B0M9DY5YFP,2025-01,18,22,1,0.94
B0M9DY5YFP,2025-02,132,153,0,0.89
B0M9DY5YFP,2025-03,41,55,0,0.9
B0M9DY5YFP,2025-04,19,23,1,0.94
B0M9DY5YFP,2025-05,14,16,1,0.99
B0M9DY5YFP,2025-06,14,17,1,0.97
B0M9DY5YFP,2025-07,101,154,0,0.91
B0M9DY5YFP,2025-08,34,50,0,0.88
B0M9DY5YFP,2025-09,116,159,0,0.98
B0M9DY5YFP,2025-10,19,27,1,0.87
B0M9DY5YFP,2025-11,130,168,0,0.94
B0M9DY5YFP,2025-12,17,26,1,0.89
B0M9DY5YFP,2026-01,46,55,0,0.93
B0M9DY5YFP,2026-02,18,21,1,0.96
B0M9DY5YFP,2026-03,83,108,0,0.97
B0M9DY5YFP,2026-04,18,24,1,0.97
B0M9DY5YFP,2026-05,17,25,1,0.92
B0M9DY5YFP,2026-06,149,173,0,0.86
B0S2MJ6SBY,2025-01,28,33,0,0.88
B0S2MJ6SBY,2025-02,108,158,0,0.92
B0S2MJ6SBY,2025-03,45,68,0,0.92
B0S2MJ6SBY,2025-04,114,171,0,0.94
B0S2MJ6SBY,2025-05,65,88,0,0.93
B0S2MJ6SBY,2025-06,33,39,0,0.93
B0S2MJ6SBY,2025-07,124,150,0,0.9
B0S2MJ6SBY,2025-08,1,1,0,0.89
B0S2MJ6SBY,2025-09,99,118,0,0.87
B0S2MJ6SBY,2025-10,44,59,0,0.96
B0S2MJ6SBY,2025-11,13,17,1,0.94
B0S2MJ6SBY,2025-12,25,30,0,0.92
B0S2MJ6SBY,2026-01,45,61,0,1.0
B0S2MJ6SBY,2026-02,12,16,1,0.98
B0S2MJ6SBY,2026-03,35,50,0,0.98
B0S2MJ6SBY,2026-04,69,90,0,0.97
B0S2MJ6SBY,2026-05,22,27,2,0.93
B0S2MJ6SBY,2026-06,57,68,0,0.99
B0FKKPVMZA,2025-01,40,58,5,0.99
B0FKKPVMZA,2025-02,8,11,1,0.98
B0FKKPVMZA,2025-03,28,40,3,0.88
B0FKKPVMZA,2025-04,9,14,1,0.91
B0FKKPVMZA,2025-05,16,24,2,0.92
B0FKKPVMZA,2025-06,24,28,3,0.94
B0FKKPVMZA,2025-07,8,11,1,0.91
B0FKKPVMZA,2025-08,19,26,2,0.87
B0FKKPVMZA,2025-09,29,38,3,0.9
B0FKKPVMZA,2025-10,70,103,7,0.9
B0FKKPVMZA,2025-11,63,86,6,1.0
B0FKKPVMZA,2025-12,20,23,2,0.94
B0FKKPVMZA,2026-01,25,29,3,0.87
B0FKKPVMZA,2026-02,9,14,1,0.98
B0FKKPVMZA,2026-03,61,82,6,0.89
B0FKKPVMZA,2026-04,21,27,2,0.97
B0FKKPVMZA,2026-05,19,28,2,0.91
B0FKKPVMZA,2026-06,26,38,3,0.96
B01U2VVLHF,2025-01,16,22,2,0.95
B01U2VVLHF,2025-02,8,12,1,0.89
B01U2VVLHF,2025-03,8,11,1,0.95
B01U2VVLHF,2025-04,32,46,4,0.98
B01U2VVLHF,2025-05,141,191,0,0.91
B01U2VVLHF,2025-06,102,118,0,0.99
B01U2VVLHF,2025-07,60,71,0,0.95
B01U2VVLHF,2025-08,101,149,0,0.95
B01U2VVLHF,2025-09,14,19,2,0.9
B01U2VVLHF,2025-10,8,10,1,0.89
B01U2VVLHF,2025-11,13,20,2,0.86
B01U2VVLHF,2025-12,6,9,1,0.89
B01U2VVLHF,2026-01,6,8,1,0.99
B01U2VVLHF,2026-02,26,30,4,0.9
B01U2VVLHF,2026-03,23,27,3,0.97
B01U2VVLHF,2026-04,8,10,1,0.96
B01U2VVLHF,2026-05,13,16,2,1.0
B01U2VVLHF,2026-06,7,10,0,0.89
B0C9DBLSN2,2025-01,79,92,0,0.88
B0C9DBLSN2,2025-02,29,43,0,0.87
B0C9DBLSN2,2025-03,45,62,0,0.87
B0C9DBLSN2,2025-04,66,78,0,0.88
B0C9DBLSN2,2025-05,12,16,0,0.92
B0C9DBLSN2,2025-06,130,175,0,0.94
B0C9DBLSN2,2025-07,14,21,1,0.99
B0C9DBLSN2,2025-08,52,77,0,0.9
B0C9DBLSN2,2025-09,149,174,0,0.93
B0C9DBLSN2,2025-10,133,193,0,0.98
B0C9DBLSN2,2025-11,31,46,0,0.96
B0C9DBLSN2,2025-12,86,102,0,0.95
B0C9DBLSN2,2026-01,37,55,0,0.89
B0C9DBLSN2,2026-02,9,14,0,0.96
B0C9DBLSN2,2026-03,66,88,0,0.9
B0C9DBLSN2,2026-04,143,221,0,0.95
B0C9DBLSN2,2026-05,133,182,0,0.96
B0C9DBLSN2,2026-06,105,143,0,0.99
B0DLXACSTN,2025-01,21,30,3,0.96
B0DLXACSTN,2025-02,21,32,3,0.89
B0DLXACSTN,2025-03,26,39,4,0.93
B0DLXACSTN,2025-04,126,167,0,0.99
B0DLXACSTN,2025-05,25,38,4,0.93
B0DLXACSTN,2025-06,6,8,1,0.99
B0DLXACSTN,2025-07,14,19,2,0.87
B0DLXACSTN,2025-08,51,68,7,0.95
B0DLXACSTN,2025-09,32,42,5,0.93
B0DLXACSTN,2025-10,30,35,4,0.91
B0DLXACSTN,2025-11,34,39,5,0.94
B0DLXACSTN,2025-12,23,32,4,0.86
B0DLXACSTN,2026-01,24,28,4,0.94
B0DLXACSTN,2026-02,15,19,2,0.97
B0DLXACSTN,2026-03,31,42,4,0.89
B0DLXACSTN,2026-04,102,151,0,0.9
B0DLXACSTN,2026-05,13,19,2,0.89
B0DLXACSTN,2026-06,51,72,7,0.89
B0Z5ASHJRH,2025-01,100,122,0,0.95
B0Z5ASHJRH,2025-02,29,45,0,0.97
B0Z5ASHJRH,2025-03,57,75,0,0.86
B0Z5ASHJRH,2025-04,93,142,0,0.97
B0Z5ASHJRH,2025-05,25,38,1,0.97
B0Z5ASHJRH,2025-06,21,28,0,0.89
B0Z5ASHJRH,2025-07,23,32,1,0.89
B0Z5ASHJRH,2025-08,37,55,0,0.87
B0Z5ASHJRH,2025-09,9,12,0,0.89
B0Z5ASHJRH,2025-10,84,107,0,0.93
B0Z5ASHJRH,2025-11,57,80,0,0.87
B0Z5ASHJRH,2025-12,45,67,0,0.98
B0Z5ASHJRH,2026-01,33,38,0,0.89
B0Z5ASHJRH,2026-02,10,12,0,0.89
B0Z5ASHJRH,2026-03,71,85,0,1.0
B0Z5ASHJRH,2026-04,42,52,0,0.99
B0Z5ASHJRH,2026-05,105,131,0,0.98
B0Z5ASHJRH,2026-06,114,148,0,0.98
B01CQYLRS7,2025-01,47,71,3,0.9
B01CQYLRS7,2025-02,153,218,10,0.89
B01CQYLRS7,2025-03,122,148,7,0.98
B01CQYLRS7,2025-04,36,42,2,0.87
B01CQYLRS7,2025-05,71,97,5,0.94
B01CQYLRS7,2025-06,52,66,3,0.87
B01CQYLRS7,2025-07,14,17,1,0.92
B01CQYLRS7,2025-08,71,88,4,0.95
B01CQYLRS7,2025-09,105,155,7,0.86
B01CQYLRS7,2025-10,34,51,2,0.88
B01CQYLRS7,2025-11,71,84,4,0.88
B01CQYLRS7,2025-12,66,98,4,0.95
B01CQYLRS7,2026-01,16,22,1,0.94
B01CQYLRS7,2026-02,36,52,2,0.99
B01CQYLRS7,2026-03,46,62,3,0.91
B01CQYLRS7,2026-04,29,37,2,0.97
B01CQYLRS7,2026-05,17,26,1,0.91
B01CQYLRS7,2026-06,69,91,5,0.99
B0HE56LV1G,2025-01,47,71,0,0.95
B0HE56LV1G,2025-02,66,77,9,0.95
B0HE56LV1G,2025-03,74,110,10,0.98
B0HE56LV1G,2025-04,20,28,3,0.89
B0HE56LV1G,2025-05,28,33,4,0.86
B0HE56LV1G,2025-06,43,58,7,0.9
B0HE56LV1G,2025-07,41,61,6,1.0
B0HE56LV1G,2025-08,49,60,6,0.89
B0HE56LV1G,2025-09,55,76,7,0.97
B0HE56LV1G,2025-10,69,97,9,0.94
B0HE56LV1G,2025-11,74,100,10,0.99
B0HE56LV1G,2025-12,69,84,10,0.98
B0HE56LV1G,2026-01,41,63,6,0.96
B0HE56LV1G,2026-02,17,25,2,0.89
B0HE56LV1G,2026-03,35,44,5,0.96
B0HE56LV1G,2026-04,45,61,7,0.92
B0HE56LV1G,2026-05,55,66,7,1.0
B0HE56LV1G,2026-06,45,56,7,0.97
B03WTWXEDC,2025-01,95,142,9,0.9
B03WTWXEDC,2025-02,35,48,3,0.9
B03WTWXEDC,2025-03,64,77,5,0.95
B03WTWXEDC,2025-04,23,33,2,0.9
B03WTWXEDC,2025-05,83,121,8,0.97
B03WTWXEDC,2025-06,109,149,8,0.87
B03WTWXEDC,2025-07,141,200,12,0.87
B03WTWXEDC,2025-08,109,168,8,1.0
B03WTWXEDC,2025-09,32,46,3,0.88
B03WTWXEDC,2025-10,126,158,9,0.95
B03WTWXEDC,2025-11,65,97,5,0.98
B03WTWXEDC,2025-12,134,166,10,0.87
B03WTWXEDC,2026-01,45,60,4,0.9
B03WTWXEDC,2026-02,14,20,1,1.0
B03WTWXEDC,2026-03,53,78,5,0.91
B03WTWXEDC,2026-04,57,69,4,0.97
B03WTWXEDC,2026-05,37,49,3,0.96
B03WTWXEDC,2026-06,84,111,7,0.89
B0XGURFLW0,2025-01,60,81,0,0.59
B0XGURFLW0,2025-02,60,86,0,0.7
B0XGURFLW0,2025-03,60,69,0,0.75
B0XGURFLW0,2025-04,60,88,0,0.61
B0XGURFLW0,2025-05,60,88,0,0.57
B0XGURFLW0,2025-06,60,69,0,0.51
B0XGURFLW0,2025-07,26,36,0,0.5
B0XGURFLW0,2025-08,60,83,0,0.6
B0XGURFLW0,2025-09,60,91,0,0.51
B0XGURFLW0,2025-10,60,71,0,0.71
B0XGURFLW0,2025-11,60,89,0,0.71
B0XGURFLW0,2025-12,18,22,0,0.67
B0XGURFLW0,2026-01,60,88,0,0.82
B0XGURFLW0,2026-02,34,50,0,0.57
B0XGURFLW0,2026-03,53,74,0,0.63
B0XGURFLW0,2026-04,0,0,0,0.56
B0XGURFLW0,2026-05,60,92,0,0.77
B0XGURFLW0,2026-06,4,6,0,0.63
B0M2UGJMKQ,2025-01,69,87,7,0.94
B0M2UGJMKQ,2025-02,9,13,1,0.91
B0M2UGJMKQ,2025-03,40,61,4,0.95
B0M2UGJMKQ,2025-04,28,34,3,0.87
B0M2UGJMKQ,2025-05,46,57,5,0.9
B0M2UGJMKQ,2025-06,27,32,3,0.89
B0M2UGJMKQ,2025-07,17,22,2,0.87
B0M2UGJMKQ,2025-08,20,26,2,0.97
B0M2UGJMKQ,2025-09,9,13,1,0.97
B0M2UGJMKQ,2025-10,34,51,0,0.88
B0M2UGJMKQ,2025-11,61,79,6,0.88
B0M2UGJMKQ,2025-12,20,25,2,0.94
B0M2UGJMKQ,2026-01,82,112,0,0.96
B0M2UGJMKQ,2026-02,31,39,4,0.88
B0M2UGJMKQ,2026-03,50,60,5,0.92
B0M2UGJMKQ,2026-04,50,68,6,0.89
B0M2UGJMKQ,2026-05,58,88,7,0.98
B0M2UGJMKQ,2026-06,8,11,1,0.97
B0SH0V1DCR,2025-01,29,40,2,0.99
B0SH0V1DCR,2025-02,23,32,2,1.0
B0SH0V1DCR,2025-03,25,35,0,0.87
B0SH0V1DCR,2025-04,29,42,2,0.97
B0SH0V1DCR,2025-05,35,44,3,0.97
B0SH0V1DCR,2025-06,20,26,0,0.87
B0SH0V1DCR,2025-07,14,21,1,0.88
B0SH0V1DCR,2025-08,12,18,1,0.98
B0SH0V1DCR,2025-09,30,36,2,0.91
B0SH0V1DCR,2025-10,27,31,2,1.0
B0SH0V1DCR,2025-11,23,28,2,0.93
B0SH0V1DCR,2025-12,14,18,1,0.99
B0SH0V1DCR,2026-01,24,31,2,0.91
B0SH0V1DCR,2026-02,24,35,2,0.98
B0SH0V1DCR,2026-03,28,42,2,0.98
B0SH0V1DCR,2026-04,28,40,0,0.98
B0SH0V1DCR,2026-05,26,33,2,0.86
B0SH0V1DCR,2026-06,133,182,9,0.96
B0FPMT2SF9,2025-01,16,23,2,0.96
B0FPMT2SF9,2025-02,10,13,1,0.93
B0FPMT2SF9,2025-03,67,92,8,0.9
B0FPMT2SF9,2025-04,29,40,3,0.99
B0FPMT2SF9,2025-05,32,40,4,0.89
B0FPMT2SF9,2025-06,44,64,5,0.87
B0FPMT2SF9,2025-07,125,162,14,0.94
B0FPMT2SF9,2025-08,59,89,6,0.98
B0FPMT2SF9,2025-09,34,48,4,1.0
B0FPMT2SF9,2025-10,34,51,4,0.93
B0FPMT2SF9,2025-11,74,87,7,1.0
B0FPMT2SF9,2025-12,39,53,5,1.0
B0FPMT2SF9,2026-01,23,29,3,1.0
B0FPMT2SF9,2026-02,45,63,5,0.93
B0FPMT2SF9,2026-03,9,13,1,0.98
B0FPMT2SF9,2026-04,38,56,5,0.87
B0FPMT2SF9,2026-05,59,80,6,0.92
B0FPMT2SF9,2026-06,31,47,4,0.88
B09V1N9TED,2025-01,22,34,3,0.92
B09V1N9TED,2025-02,17,22,2,0.88
B09V1N9TED,2025-03,24,37,3,0.95
B09V1N9TED,2025-04,43,57,5,0.91
B09V1N9TED,2025-05,42,60,5,0.91
B09V1N9TED,2025-06,23,28,3,0.92
B09V1N9TED,2025-07,7,10,1,0.88
B09V1N9TED,2025-08,18,28,2,0.87
B09V1N9TED,2025-09,7,8,1,0.98
B09V1N9TED,2025-10,8,9,1,0.96
B09V1N9TED,2025-11,30,45,4,0.99
B09V1N9TED,2025-12,69,84,0,0.91
B09V1N9TED,2026-01,8,11,1,0.87
B09V1N9TED,2026-02,7,8,1,0.86
B09V1N9TED,2026-03,17,25,2,0.92
B09V1N9TED,2026-04,23,34,3,0.91
B09V1N9TED,2026-05,39,56,5,0.92
B09V1N9TED,2026-06,17,24,2,0.89
B02LTJA2NA,2025-01,98,122,0,0.87
B02LTJA2NA,2025-02,47,59,2,0.91
B02LTJA2NA,2025-03,56,78,3,0.88
B02LTJA2NA,2025-04,46,62,2,0.96
B02LTJA2NA,2025-05,23,35,1,0.93
B02LTJA2NA,2025-06,17,22,1,0.98
B02LTJA2NA,2025-07,79,121,4,0.95
B02LTJA2NA,2025-08,22,32,1,0.98
B02LTJA2NA,2025-09,82,96,4,0.89
B02LTJA2NA,2025-10,38,57,2,0.89
B02LTJA2NA,2025-11,211,295,9,0.91
B02LTJA2NA,2025-12,115,168,5,0.88
B02LTJA2NA,2026-01,57,66,3,0.92
B02LTJA2NA,2026-02,22,29,1,0.94
B02LTJA2NA,2026-03,138,212,6,0.91
B02LTJA2NA,2026-04,115,168,5,0.93
B02LTJA2NA,2026-05,22,28,1,0.94
B02LTJA2NA,2026-06,38,58,2,0.88
B0E48MCY15,2025-01,19,23,1,0.93
B0E48MCY15,2025-02,96,120,5,0.91
B0E48MCY15,2025-03,85,115,4,0.89
B0E48MCY15,2025-04,124,147,7,0.99
B0E48MCY15,2025-05,101,140,5,0.95
B0E48MCY15,2025-06,32,49,2,0.93
B0E48MCY15,2025-07,37,57,2,0.92
B0E48MCY15,2025-08,117,180,0,0.89
B0E48MCY15,2025-09,80,105,0,0.88
B0E48MCY15,2025-10,107,139,5,0.86
B0E48MCY15,2025-11,49,60,3,0.88
B0E48MCY15,2025-12,139,194,7,0.92
B0E48MCY15,2026-01,18,24,1,0.87
B0E48MCY15,2026-02,22,32,1,0.87
B0E48MCY15,2026-03,65,77,3,0.88
B0E48MCY15,2026-04,33,44,2,0.97
B0E48MCY15,2026-05,18,26,1,0.88
B0E48MCY15,2026-06,152,207,7,0.93
B06HX4SP7L,2025-01,10,14,1,0.62
B06HX4SP7L,2025-02,60,73,0,0.54
B06HX4SP7L,2025-03,0,0,0,0.85
B06HX4SP7L,2025-04,60,81,0,0.73
B06HX4SP7L,2025-05,26,32,0,0.51
B06HX4SP7L,2025-06,58,82,0,0.69
B06HX4SP7L,2025-07,60,71,0,0.61
B06HX4SP7L,2025-08,60,91,0,0.54
B06HX4SP7L,2025-09,10,14,1,0.56
B06HX4SP7L,2025-10,60,81,0,0.73
B06HX4SP7L,2025-11,20,30,0,0.63
B06HX4SP7L,2025-12,21,25,0,0.6
B06HX4SP7L,2026-01,60,92,0,0.72
B06HX4SP7L,2026-02,60,88,0,0.84
B06HX4SP7L,2026-03,11,17,1,0.51
B06HX4SP7L,2026-04,60,74,0,0.58
B06HX4SP7L,2026-05,23,33,0,0.76
B06HX4SP7L,2026-06,39,54,0,0.53
B0NQJ9A5QP,2025-01,74,95,8,0.96
B0NQJ9A5QP,2025-02,109,168,11,0.98
B0NQJ9A5QP,2025-03,72,85,6,0.88
B0NQJ9A5QP,2025-04,192,288,16,0.92
B0NQJ9A5QP,2025-05,195,272,16,0.94
B0NQJ9A5QP,2025-06,92,118,10,0.96
B0NQJ9A5QP,2025-07,80,123,8,0.87
B0NQJ9A5QP,2025-08,113,135,10,0.9
B0NQJ9A5QP,2025-09,44,68,4,0.96
B0NQJ9A5QP,2025-10,95,126,9,0.93
B0NQJ9A5QP,2025-11,193,232,21,0.95
B0NQJ9A5QP,2025-12,244,322,23,0.91
B0NQJ9A5QP,2026-01,23,27,2,0.9
B0NQJ9A5QP,2026-02,91,108,8,0.98
B0NQJ9A5QP,2026-03,78,119,7,0.86
B0NQJ9A5QP,2026-04,71,105,6,0.94
B0NQJ9A5QP,2026-05,81,93,7,0.99
B0NQJ9A5QP,2026-06,138,172,12,0.88
B0TJL2AZQH,2025-01,32,45,0,0.96
B0TJL2AZQH,2025-02,2,3,0,0.89
B0TJL2AZQH,2025-03,6,9,1,0.89
B0TJL2AZQH,2025-04,7,9,1,0.94
B0TJL2AZQH,2025-05,26,32,0,0.9
B0TJL2AZQH,2025-06,70,95,0,0.96
B0TJL2AZQH,2025-07,69,106,0,0.96
B0TJL2AZQH,2025-08,53,69,0,0.87
B0TJL2AZQH,2025-09,97,119,0,0.94
B0TJL2AZQH,2025-10,100,125,0,0.94
B0TJL2AZQH,2025-11,41,62,0,0.91
B0TJL2AZQH,2025-12,19,23,3,0.92
B0TJL2AZQH,2026-01,107,148,0,0.99
B0TJL2AZQH,2026-02,72,96,0,0.92
B0TJL2AZQH,2026-03,146,189,0,0.88
B0TJL2AZQH,2026-04,119,167,0,0.97
B0TJL2AZQH,2026-05,8,10,1,0.93
B0TJL2AZQH,2026-06,8,12,1,0.93
B0M6YEW145,2025-01,68,97,8,0.9
B0M6YEW145,2025-02,9,11,1,0.89
B0M6YEW145,2025-03,85,117,9,0.9
B0M6YEW145,2025-04,29,40,4,0.97
B0M6YEW145,2025-05,34,51,4,0.93
B0M6YEW145,2025-06,28,39,3,0.99
B0M6YEW145,2025-07,35,46,4,0.9
B0M6YEW145,2025-08,37,52,4,0.99
B0M6YEW145,2025-09,8,10,1,0.87
B0M6YEW145,2025-10,32,40,4,0.93
B0M6YEW145,2025-11,29,41,4,0.97
B0M6YEW145,2025-12,53,81,6,0.94
B0M6YEW145,2026-01,49,59,7,0.92
B0M6YEW145,2026-02,8,12,1,0.87
B0M6YEW145,2026-03,66,98,8,0.99
B0M6YEW145,2026-04,32,40,4,0.95
B0M6YEW145,2026-05,15,19,2,0.89
B0M6YEW145,2026-06,37,45,4,0.94
B0J4AJH5Y5,2025-01,14,21,2,0.98
B0J4AJH5Y5,2025-02,9,14,1,0.9
B0J4AJH5Y5,2025-03,33,44,4,0.99
B0J4AJH5Y5,2025-04,22,27,3,0.93
B0J4AJH5Y5,2025-05,21,29,3,0.9
B0J4AJH5Y5,2025-06,47,58,0,0.94
B0J4AJH5Y5,2025-07,8,10,1,0.86
B0J4AJH5Y5,2025-08,26,37,3,0.95
B0J4AJH5Y5,2025-09,30,38,0,0.91
B0J4AJH5Y5,2025-10,23,35,3,0.9
B0J4AJH5Y5,2025-11,21,28,3,0.93
B0J4AJH5Y5,2025-12,27,33,4,0.97
B0J4AJH5Y5,2026-01,51,77,7,0.96
B0J4AJH5Y5,2026-02,15,17,2,0.89
B0J4AJH5Y5,2026-03,15,20,2,1.0
B0J4AJH5Y5,2026-04,8,11,1,0.96
B0J4AJH5Y5,2026-05,8,11,1,0.93
B0J4AJH5Y5,2026-06,26,35,3,1.0
B0M1WJMA8T,2025-01,39,47,4,0.87
B0M1WJMA8T,2025-02,8,12,1,0.99
B0M1WJMA8T,2025-03,20,24,2,0.97
B0M1WJMA8T,2025-04,10,15,1,0.9
B0M1WJMA8T,2025-05,10,13,1,0.91
B0M1WJMA8T,2025-06,27,40,3,0.99
B0M1WJMA8T,2025-07,24,29,3,0.9
B0M1WJMA8T,2025-08,38,57,4,0.91
B0M1WJMA8T,2025-09,30,40,4,0.9
B0M1WJMA8T,2025-10,56,66,6,0.94
B0M1WJMA8T,2025-11,55,65,6,0.91
B0M1WJMA8T,2025-12,50,71,5,0.99
B0M1WJMA8T,2026-01,37,54,4,0.94
B0M1WJMA8T,2026-02,28,42,3,0.99
B0M1WJMA8T,2026-03,23,30,3,0.97
B0M1WJMA8T,2026-04,18,24,2,0.89
B0M1WJMA8T,2026-05,10,13,1,0.96
B0M1WJMA8T,2026-06,35,54,0,0.9
B0AZBDRH38,2025-01,23,34,2,0.92
B0AZBDRH38,2025-02,74,107,7,0.93
B0AZBDRH38,2025-03,77,99,6,0.96
B0AZBDRH38,2025-04,85,102,7,0.99
B0AZBDRH38,2025-05,125,152,10,0.92
B0AZBDRH38,2025-06,22,26,2,0.9
B0AZBDRH38,2025-07,120,167,11,0.93
B0AZBDRH38,2025-08,118,157,12,0.91
B0AZBDRH38,2025-09,76,90,7,0.95
B0AZBDRH38,2025-10,113,172,12,0.87
B0AZBDRH38,2025-11,75,90,7,0.96
B0AZBDRH38,2025-12,50,59,5,0.95
B0AZBDRH38,2026-01,39,49,4,0.97
B0AZBDRH38,2026-02,40,61,4,0.88
B0AZBDRH38,2026-03,51,78,5,0.94
B0AZBDRH38,2026-04,33,50,3,0.91
B0AZBDRH38,2026-05,46,58,4,0.97
B0AZBDRH38,2026-06,43,61,4,0.86
B0TXQ65ZFV,2025-01,101,136,6,0.89
B0TXQ65ZFV,2025-02,68,100,4,0.93
B0TXQ65ZFV,2025-03,100,140,6,0.98
B0TXQ65ZFV,2025-04,193,283,12,0.95
B0TXQ65ZFV,2025-05,72,102,5,0.88
B0TXQ65ZFV,2025-06,111,136,7,0.96
B0TXQ65ZFV,2025-07,218,277,14,0.98
B0TXQ65ZFV,2025-08,92,137,7,0.98
B0TXQ65ZFV,2025-09,152,203,12,0.97
B0TXQ65ZFV,2025-10,64,97,5,0.88
B0TXQ65ZFV,2025-11,230,330,17,0.99
B0TXQ65ZFV,2025-12,190,278,11,0.93
B0TXQ65ZFV,2026-01,37,48,3,1.0
B0TXQ65ZFV,2026-02,130,188,9,0.91
B0TXQ65ZFV,2026-03,130,197,9,0.92
B0TXQ65ZFV,2026-04,77,109,5,0.88
B0TXQ65ZFV,2026-05,99,114,8,0.99
B0TXQ65ZFV,2026-06,175,243,11,0.88
B0N90348CD,2025-01,264,406,15,0.89
B0N90348CD,2025-02,83,106,4,0.9
B0N90348CD,2025-03,133,176,7,0.89
B0N90348CD,2025-04,147,173,7,0.98
B0N90348CD,2025-05,122,146,7,0.98
B0N90348CD,2025-06,222,257,11,0.88
B0N90348CD,2025-07,91,131,5,0.87
B0N90348CD,2025-08,120,140,7,0.95
B0N90348CD,2025-09,76,100,5,0.99
B0N90348CD,2025-10,112,149,7,0.97
B0N90348CD,2025-11,126,164,7,0.97
B0N90348CD,2025-12,274,404,14,0.87
B0N90348CD,2026-01,112,142,6,0.93
B0N90348CD,2026-02,101,146,5,0.97
B0N90348CD,2026-03,101,122,6,0.97
B0N90348CD,2026-04,64,77,4,0.87
B0N90348CD,2026-05,104,143,5,0.95
B0N90348CD,2026-06,118,176,7,0.91
B0LD11QTH5,2025-01,8,11,0,0.99
B0LD11QTH5,2025-02,11,17,1,0.92
B0LD11QTH5,2025-03,87,119,0,0.87
B0LD11QTH5,2025-04,19,25,0,0.87
B0LD11QTH5,2025-05,39,48,0,0.9
B0LD11QTH5,2025-06,19,27,0,0.89
B0LD11QTH5,2025-07,14,21,0,0.89
B0LD11QTH5,2025-08,68,98,0,0.93
B0LD11QTH5,2025-09,61,80,0,0.96
B0LD11QTH5,2025-10,123,189,0,0.92
B0LD11QTH5,2025-11,42,54,0,0.97
B0LD11QTH5,2025-12,138,188,0,0.95
B0LD11QTH5,2026-01,102,123,0,0.86
B0LD11QTH5,2026-02,119,161,0,0.9
B0LD11QTH5,2026-03,78,109,0,0.93
B0LD11QTH5,2026-04,113,131,0,0.89
B0LD11QTH5,2026-05,93,128,0,0.96
B0LD11QTH5,2026-06,3,4,0,0.96
B0GKG0B3EA,2025-01,41,50,4,0.97
B0GKG0B3EA,2025-02,4,5,0,0.99
B0GKG0B3EA,2025-03,82,116,0,0.95
B0GKG0B3EA,2025-04,22,33,2,0.94
B0GKG0B3EA,2025-05,30,45,3,0.92
B0GKG0B3EA,2025-06,19,24,2,0.98
B0GKG0B3EA,2025-07,26,37,0,0.99
B0GKG0B3EA,2025-08,10,15,0,0.98
B0GKG0B3EA,2025-09,137,212,0,0.98
B0GKG0B3EA,2025-10,22,28,2,0.96
B0GKG0B3EA,2025-11,32,41,3,0.9
B0GKG0B3EA,2025-12,20,30,2,0.93
B0GKG0B3EA,2026-01,34,53,0,0.89
B0GKG0B3EA,2026-02,11,14,1,0.87
B0GKG0B3EA,2026-03,86,116,0,0.92
B0GKG0B3EA,2026-04,124,192,0,0.92
B0GKG0B3EA,2026-05,36,44,4,0.98
B0GKG0B3EA,2026-06,145,207,0,0.89
B05P1Y30A5,2025-01,57,81,7,0.95
B05P1Y30A5,2025-02,7,9,1,0.96
B05P1Y30A5,2025-03,51,74,8,0.87
B05P1Y30A5,2025-04,14,17,2,0.9
B05P1Y30A5,2025-05,27,35,4,0.96
B05P1Y30A5,2025-06,108,154,13,0.94
B05P1Y30A5,2025-07,81,93,12,0.97
B05P1Y30A5,2025-08,61,91,7,1.0
B05P1Y30A5,2025-09,17,25,2,0.88
B05P1Y30A5,2025-10,66,101,8,0.92
B05P1Y30A5,2025-11,77,105,12,0.98
B05P1Y30A5,2025-12,58,80,7,0.92
B05P1Y30A5,2026-01,39,46,6,0.87
B05P1Y30A5,2026-02,83,97,11,0.96
B05P1Y30A5,2026-03,47,69,7,0.88
B05P1Y30A5,2026-04,61,73,9,0.94
B05P1Y30A5,2026-05,54,62,7,0.9
B05P1Y30A5,2026-06,101,126,12,0.87
B0CYFJJNVP,2025-01,16,24,2,0.98
B0CYFJJNVP,2025-02,54,71,0,0.94
B0CYFJJNVP,2025-03,19,24,3,0.94
B0CYFJJNVP,2025-04,44,61,0,0.95
B0CYFJJNVP,2025-05,40,55,0,0.94
B0CYFJJNVP,2025-06,26,34,0,0.95
B0CYFJJNVP,2025-07,67,82,0,0.86
B0CYFJJNVP,2025-08,111,134,0,0.87
B0CYFJJNVP,2025-09,124,174,0,0.93
B0CYFJJNVP,2025-10,48,71,6,0.95
B0CYFJJNVP,2025-11,150,227,0,0.87
B0CYFJJNVP,2025-12,19,28,3,0.94
B0CYFJJNVP,2026-01,23,28,4,0.98
B0CYFJJNVP,2026-02,15,20,2,0.87
B0CYFJJNVP,2026-03,136,191,0,0.93
B0CYFJJNVP,2026-04,8,11,1,0.93
B0CYFJJNVP,2026-05,47,62,0,0.93
B0CYFJJNVP,2026-06,38,49,0,1.0
B0PGGKXQ9K,2025-01,24,30,3,0.9
B0PGGKXQ9K,2025-02,35,54,5,0.99
B0PGGKXQ9K,2025-03,55,69,6,0.88
B0PGGKXQ9K,2025-04,45,61,5,0.95
B0PGGKXQ9K,2025-05,41,57,6,0.88
B0PGGKXQ9K,2025-06,24,35,3,0.89
B0PGGKXQ9K,2025-07,19,24,2,0.97
B0PGGKXQ9K,2025-08,7,9,1,0.89
B0PGGKXQ9K,2025-09,18,26,2,1.0
B0PGGKXQ9K,2025-10,38,52,4,0.95
B0PGGKXQ9K,2025-11,50,68,6,0.96
B0PGGKXQ9K,2025-12,39,60,5,0.96
B0PGGKXQ9K,2026-01,38,59,5,0.93
B0PGGKXQ9K,2026-02,46,66,6,0.91
B0PGGKXQ9K,2026-03,15,22,2,0.86
B0PGGKXQ9K,2026-04,22,26,3,0.99
B0PGGKXQ9K,2026-05,28,39,4,0.99
B0PGGKXQ9K,2026-06,21,24,3,0.96
B0R7U9K93R,2025-01,153,181,8,0.97
B0R7U9K93R,2025-02,79,96,4,0.93
B0R7U9K93R,2025-03,57,70,3,0.92
B0R7U9K93R,2025-04,106,141,7,0.9
B0R7U9K93R,2025-05,14,19,1,0.95
B0R7U9K93R,2025-06,57,79,3,0.9
B0R7U9K93R,2025-07,17,20,1,0.88
B0R7U9K93R,2025-08,36,48,2,0.89
B0R7U9K93R,2025-09,101,122,6,1.0
B0R7U9K93R,2025-10,35,51,2,0.94
B0R7U9K93R,2025-11,18,26,1,1.0
B0R7U9K93R,2025-12,35,42,2,0.88
B0R7U9K93R,2026-01,15,21,1,0.97
B0R7U9K93R,2026-02,57,70,3,0.98
B0R7U9K93R,2026-03,36,54,2,1.0
B0R7U9K93R,2026-04,33,45,2,0.91
B0R7U9K93R,2026-05,33,45,2,0.87
B0R7U9K93R,2026-06,37,48,2,0.93
B00JXDXVG6,2025-01,72,86,8,0.86
B00JXDXVG6,2025-02,50,62,6,0.88
B00JXDXVG6,2025-03,23,29,2,0.99
B00JXDXVG6,2025-04,44,65,4,0.95
B00JXDXVG6,2025-05,17,20,2,0.97
B00JXDXVG6,2025-06,57,78,6,0.92
B00JXDXVG6,2025-07,21,30,2,0.9
B00JXDXVG6,2025-08,31,46,3,0.87
B00JXDXVG6,2025-09,54,64,6,0.93
B00JXDXVG6,2025-10,46,59,5,0.92
B00JXDXVG6,2025-11,66,96,7,0.95
B00JXDXVG6,2025-12,39,59,4,0.9
B00JXDXVG6,2026-01,58,74,6,0.92
B00JXDXVG6,2026-02,85,103,8,1.0
B00JXDXVG6,2026-03,68,91,7,0.99
B00JXDXVG6,2026-04,63,76,6,0.86
B00JXDXVG6,2026-05,28,37,3,0.98
B00JXDXVG6,2026-06,64,90,8,0.98
B0UX1US6RV,2025-01,58,79,0,0.92
B0UX1US6RV,2025-02,27,31,0,0.94
B0UX1US6RV,2025-03,95,129,0,0.95
B0UX1US6RV,2025-04,25,38,1,0.91
B0UX1US6RV,2025-05,22,32,1,0.95
B0UX1US6RV,2025-06,7,10,0,0.96
B0UX1US6RV,2025-07,19,27,1,0.9
B0UX1US6RV,2025-08,140,180,0,0.94
B0UX1US6RV,2025-09,111,148,0,0.98
B0UX1US6RV,2025-10,38,46,2,0.94
B0UX1US6RV,2025-11,25,32,1,1.0
B0UX1US6RV,2025-12,73,100,3,0.87
B0UX1US6RV,2026-01,30,45,0,0.95
B0UX1US6RV,2026-02,99,127,0,0.99
B0UX1US6RV,2026-03,20,26,1,0.99
B0UX1US6RV,2026-04,38,56,2,0.98
B0UX1US6RV,2026-05,48,73,0,0.88
B0UX1US6RV,2026-06,28,38,0,0.94
B0F635F86R,2025-01,127,179,6,0.91
B0F635F86R,2025-02,126,178,5,0.94
B0F635F86R,2025-03,186,280,8,0.94
B0F635F86R,2025-04,54,66,2,1.0
B0F635F86R,2025-05,197,286,8,0.87
B0F635F86R,2025-06,45,52,2,0.93
B0F635F86R,2025-07,465,577,22,0.99
B0F635F86R,2025-08,211,298,8,0.93
B0F635F86R,2025-09,151,231,7,0.9
B0F635F86R,2025-10,238,299,10,0.92
B0F635F86R,2025-11,82,121,3,0.94
B0F635F86R,2025-12,285,437,10,0.99
B0F635F86R,2026-01,190,236,8,0.88
B0F635F86R,2026-02,170,224,8,0.93
B0F635F86R,2026-03,166,226,6,0.91
B0F635F86R,2026-04,66,97,3,0.95
B0F635F86R,2026-05,160,193,7,0.96
B0F635F86R,2026-06,123,146,5,0.96
B03ZGX0DF9,2025-01,34,45,0,0.86
B03ZGX0DF9,2025-02,76,103,0,0.96
B03ZGX0DF9,2025-03,39,51,0,0.99
B03ZGX0DF9,2025-04,146,207,0,0.94
B03ZGX0DF9,2025-05,15,19,2,0.92
B03ZGX0DF9,2025-06,141,205,0,0.98
B03ZGX0DF9,2025-07,118,161,0,0.88
B03ZGX0DF9,2025-08,17,24,0,0.98
B03ZGX0DF9,2025-09,108,151,0,1.0
B03ZGX0DF9,2025-10,13,16,0,0.89
B03ZGX0DF9,2025-11,93,131,0,0.96
B03ZGX0DF9,2025-12,10,14,1,0.89
B03ZGX0DF9,2026-01,143,172,0,0.86
B03ZGX0DF9,2026-02,9,12,1,0.95
B03ZGX0DF9,2026-03,14,17,2,0.87
B03ZGX0DF9,2026-04,61,89,0,0.92
B03ZGX0DF9,2026-05,41,58,0,0.87
B03ZGX0DF9,2026-06,9,12,0,0.92
B0PXWSPMXC,2025-01,136,204,0,0.87
B0PXWSPMXC,2025-02,110,157,0,0.92
B0PXWSPMXC,2025-03,122,143,0,0.87
B0PXWSPMXC,2025-04,74,99,0,0.87
B0PXWSPMXC,2025-05,57,79,0,0.86
B0PXWSPMXC,2025-06,109,152,0,0.86
B0PXWSPMXC,2025-07,82,121,0,0.95
B0PXWSPMXC,2025-08,7,9,1,0.99
B0PXWSPMXC,2025-09,126,171,0,0.88
B0PXWSPMXC,2025-10,126,176,0,0.99
B0PXWSPMXC,2025-11,56,70,0,0.89
B0PXWSPMXC,2025-12,67,88,0,0.98
B0PXWSPMXC,2026-01,59,69,0,0.99
B0PXWSPMXC,2026-02,17,21,0,0.95
B0PXWSPMXC,2026-03,62,76,0,0.98
B0PXWSPMXC,2026-04,42,56,0,0.94
B0PXWSPMXC,2026-05,6,9,0,0.93
B0PXWSPMXC,2026-06,68,92,0,0.99
B0TURPLSHH,2025-01,25,30,4,0.88
B0TURPLSHH,2025-02,19,28,3,0.88
B0TURPLSHH,2025-03,26,32,4,0.93
B0TURPLSHH,2025-04,8,11,1,0.98
B0TURPLSHH,2025-05,38,55,5,0.93
B0TURPLSHH,2025-06,27,42,4,0.99
B0TURPLSHH,2025-07,51,77,8,0.86
B0TURPLSHH,2025-08,21,31,3,0.94
B0TURPLSHH,2025-09,41,59,6,0.91
B0TURPLSHH,2025-10,7,10,1,0.99
B0TURPLSHH,2025-11,35,45,4,0.98
B0TURPLSHH,2025-12,103,145,13,0.97
B0TURPLSHH,2026-01,17,25,2,0.9
B0TURPLSHH,2026-02,55,64,7,0.94
B0TURPLSHH,2026-03,38,51,5,0.91
B0TURPLSHH,2026-04,45,69,7,0.95
B0TURPLSHH,2026-05,69,105,9,0.95
B0TURPLSHH,2026-06,22,33,3,0.91
B0HTFHF1FT,2025-01,60,71,0,0.58
B0HTFHF1FT,2025-02,3,4,0,0.56
B0HTFHF1FT,2025-03,60,78,0,0.74
B0HTFHF1FT,2025-04,60,75,0,0.81
B0HTFHF1FT,2025-05,60,88,0,0.68
B0HTFHF1FT,2025-06,60,75,0,0.77
B0HTFHF1FT,2025-07,60,78,0,0.55
B0HTFHF1FT,2025-08,60,88,0,0.63
B0HTFHF1FT,2025-09,7,9,0,0.69
B0HTFHF1FT,2025-10,37,47,0,0.72
B0HTFHF1FT,2025-11,54,66,0,0.66
B0HTFHF1FT,2025-12,60,80,0,0.72
B0HTFHF1FT,2026-01,10,12,1,0.67
B0HTFHF1FT,2026-02,36,52,0,0.77
B0HTFHF1FT,2026-03,60,87,0,0.7
B0HTFHF1FT,2026-04,60,76,0,0.8
B0HTFHF1FT,2026-05,60,74,0,0.84
B0HTFHF1FT,2026-06,37,48,0,0.78
B02X1DSSZM,2025-01,43,53,7,0.91
B02X1DSSZM,2025-02,44,52,6,0.99
B02X1DSSZM,2025-03,94,130,14,0.89
B02X1DSSZM,2025-04,88,126,11,0.87
B02X1DSSZM,2025-05,66,78,8,0.93
B02X1DSSZM,2025-06,40,50,5,0.91
B02X1DSSZM,2025-07,61,72,8,0.9
B02X1DSSZM,2025-08,32,45,5,0.94
B02X1DSSZM,2025-09,102,144,14,0.9
B02X1DSSZM,2025-10,51,66,7,0.88
B02X1DSSZM,2025-11,71,99,10,0.9
B02X1DSSZM,2025-12,65,80,8,0.92
B02X1DSSZM,2026-01,70,90,10,0.9
B02X1DSSZM,2026-02,111,135,14,0.91
B02X1DSSZM,2026-03,105,123,14,0.94
B02X1DSSZM,2026-04,41,57,5,0.91
B02X1DSSZM,2026-05,48,59,6,0.96
B02X1DSSZM,2026-06,67,82,8,0.97
B04ZD4ZURZ,2025-01,21,32,2,0.91
B04ZD4ZURZ,2025-02,20,31,2,0.91
B04ZD4ZURZ,2025-03,20,23,2,0.97
B04ZD4ZURZ,2025-04,65,100,8,0.89
B04ZD4ZURZ,2025-05,28,41,3,0.95
B04ZD4ZURZ,2025-06,52,69,5,0.9
B04ZD4ZURZ,2025-07,45,52,5,0.86
B04ZD4ZURZ,2025-08,30,44,3,0.92
B04ZD4ZURZ,2025-09,40,52,4,0.93
B04ZD4ZURZ,2025-10,78,109,9,0.94
B04ZD4ZURZ,2025-11,50,63,6,0.93
B04ZD4ZURZ,2025-12,121,180,12,0.87
B04ZD4ZURZ,2026-01,21,32,2,0.91
B04ZD4ZURZ,2026-02,32,40,3,0.88
B04ZD4ZURZ,2026-03,34,52,4,0.97
B04ZD4ZURZ,2026-04,49,68,5,0.87
B04ZD4ZURZ,2026-05,49,62,6,0.87
B04ZD4ZURZ,2026-06,45,64,5,0.97
B01NLXW82L,2025-01,30,41,2,0.88
B01NLXW82L,2025-02,37,56,3,0.95
B01NLXW82L,2025-03,76,106,6,0.99
B01NLXW82L,2025-04,62,87,5,0.93
B01NLXW82L,2025-05,104,127,7,0.87
B01NLXW82L,2025-06,65,80,5,0.95
B01NLXW82L,2025-07,120,153,8,0.96
B01NLXW82L,2025-08,83,101,5,0.94
B01NLXW82L,2025-09,42,59,3,0.96
B01NLXW82L,2025-10,60,74,4,0.87
B01NLXW82L,2025-11,68,81,5,0.98
B01NLXW82L,2025-12,147,199,11,1.0
B01NLXW82L,2026-01,29,40,2,0.93
B01NLXW82L,2026-02,33,41,2,0.99
B01NLXW82L,2026-03,88,130,7,0.92
B01NLXW82L,2026-04,26,33,2,0.98
B01NLXW82L,2026-05,44,62,3,1.0
B01NLXW82L,2026-06,76,114,5,0.94
B04Z7XKKST,2025-01,67,95,7,0.97
B04Z7XKKST,2025-02,66,97,8,0.91
B04Z7XKKST,2025-03,8,12,1,0.92
B04Z7XKKST,2025-04,48,56,6,0.94
B04Z7XKKST,2025-05,51,69,5,0.93
B04Z7XKKST,2025-06,43,60,5,0.88
B04Z7XKKST,2025-07,39,52,5,0.86
B04Z7XKKST,2025-08,46,57,5,0.96
B04Z7XKKST,2025-09,7,9,1,0.88
B04Z7XKKST,2025-10,77,114,8,0.94
B04Z7XKKST,2025-11,60,89,7,0.98
B04Z7XKKST,2025-12,55,72,6,1.0
B04Z7XKKST,2026-01,84,127,9,1.0
B04Z7XKKST,2026-02,138,176,0,0.95
B04Z7XKKST,2026-03,15,20,2,0.99
B04Z7XKKST,2026-04,28,40,3,0.97
B04Z7XKKST,2026-05,41,53,5,0.92
B04Z7XKKST,2026-06,50,58,5,0.88
B0EGZYNSAE,2025-01,19,23,0,0.97
B0EGZYNSAE,2025-02,11,16,1,0.91
B0EGZYNSAE,2025-03,67,93,6,0.87
B0EGZYNSAE,2025-04,127,180,0,0.93
B0EGZYNSAE,2025-05,21,26,2,0.89
B0EGZYNSAE,2025-06,54,80,0,0.93
B0EGZYNSAE,2025-07,73,91,7,0.96
B0EGZYNSAE,2025-08,18,26,2,0.88
B0EGZYNSAE,2025-09,26,32,3,0.93
B0EGZYNSAE,2025-10,122,153,0,0.99
B0EGZYNSAE,2025-11,45,63,4,0.93
B0EGZYNSAE,2025-12,22,34,2,0.88
B0EGZYNSAE,2026-01,91,106,8,0.98
B0EGZYNSAE,2026-02,63,95,0,0.97
B0EGZYNSAE,2026-03,22,29,2,0.96
B0EGZYNSAE,2026-04,24,29,2,0.89
B0EGZYNSAE,2026-05,23,31,2,0.92
B0EGZYNSAE,2026-06,69,106,7,0.87
B0YJ486MXU,2025-01,66,90,3,0.98
B0YJ486MXU,2025-02,46,69,2,0.88
B0YJ486MXU,2025-03,196,299,7,0.97
B0YJ486MXU,2025-04,74,107,0,0.92
B0YJ486MXU,2025-05,35,46,0,0.87
B0YJ486MXU,2025-06,48,61,2,1.0
B0YJ486MXU,2025-07,50,68,2,0.91
B0YJ486MXU,2025-08,71,84,3,0.93
B0YJ486MXU,2025-09,78,105,3,0.95
B0YJ486MXU,2025-10,145,188,0,0.88
B0YJ486MXU,2025-11,75,100,3,0.98
B0YJ486MXU,2025-12,159,228,6,0.92
B0YJ486MXU,2026-01,42,59,2,0.95
B0YJ486MXU,2026-02,23,29,1,0.97
B0YJ486MXU,2026-03,25,38,1,0.91
B0YJ486MXU,2026-04,40,52,0,0.91
B0YJ486MXU,2026-05,24,36,0,0.99
B0YJ486MXU,2026-06,118,179,5,0.92
B0QKGVBY0X,2025-01,73,95,6,0.93
B0QKGVBY0X,2025-02,25,38,2,0.97
B0QKGVBY0X,2025-03,171,242,12,0.97
B0QKGVBY0X,2025-04,43,51,4,0.87
B0QKGVBY0X,2025-05,38,47,3,0.87
B0QKGVBY0X,2025-06,116,145,9,0.92
B0QKGVBY0X,2025-07,14,16,1,0.92
B0QKGVBY0X,2025-08,47,68,4,0.91
B0QKGVBY0X,2025-09,39,51,3,0.88
B0QKGVBY0X,2025-10,60,73,4,0.88
B0QKGVBY0X,2025-11,137,205,9,0.93
B0QKGVBY0X,2025-12,172,236,13,0.88
B0QKGVBY0X,2026-01,149,207,10,0.89
B0QKGVBY0X,2026-02,93,128,7,0.87
B0QKGVBY0X,2026-03,60,80,4,0.94
B0QKGVBY0X,2026-04,50,63,0,0.97
B0QKGVBY0X,2026-05,74,107,6,0.99
B0QKGVBY0X,2026-06,13,15,1,0.92
B0FTQRA6A1,2025-01,120,149,11,0.96
B0FTQRA6A1,2025-02,51,74,5,0.88
B0FTQRA6A1,2025-03,10,14,1,1.0
B0FTQRA6A1,2025-04,85,130,8,0.99
B0FTQRA6A1,2025-05,71,95,7,0.98
B0FTQRA6A1,2025-06,43,60,4,0.86
B0FTQRA6A1,2025-07,87,134,9,0.87
B0FTQRA6A1,2025-08,63,92,7,0.94
B0FTQRA6A1,2025-09,25,37,3,0.86
B0FTQRA6A1,2025-10,128,186,12,1.0
B0FTQRA6A1,2025-11,80,95,9,0.99
B0FTQRA6A1,2025-12,79,101,10,1.0
B0FTQRA6A1,2026-01,24,37,3,0.92
B0FTQRA6A1,2026-02,40,52,5,0.9
B0FTQRA6A1,2026-03,68,91,8,0.88
B0FTQRA6A1,2026-04,73,112,8,0.91
B0FTQRA6A1,2026-05,89,119,8,0.96
B0FTQRA6A1,2026-06,63,86,8,0.98
B0YBRGQRFQ,2025-01,8,10,1,1.0
B0YBRGQRFQ,2025-02,15,18,2,0.91
B0YBRGQRFQ,2025-03,62,95,7,0.87
B0YBRGQRFQ,2025-04,40,56,0,0.89
B0YBRGQRFQ,2025-05,8,12,1,0.89
B0YBRGQRFQ,2025-06,8,10,1,0.92
B0YBRGQRFQ,2025-07,8,12,1,0.95
B0YBRGQRFQ,2025-08,16,24,2,0.96
B0YBRGQRFQ,2025-09,10,13,1,0.88
B0YBRGQRFQ,2025-10,129,183,0,0.86
B0YBRGQRFQ,2025-11,19,27,2,0.99
B0YBRGQRFQ,2025-12,31,37,4,0.92
B0YBRGQRFQ,2026-01,10,13,1,0.93
B0YBRGQRFQ,2026-02,24,35,3,0.93
B0YBRGQRFQ,2026-03,9,10,1,0.89
B0YBRGQRFQ,2026-04,15,21,2,0.97
B0YBRGQRFQ,2026-05,78,98,0,0.88
B0YBRGQRFQ,2026-06,8,10,1,1.0
B02T104M25,2025-01,39,52,5,0.92
B02T104M25,2025-02,50,64,5,0.92
B02T104M25,2025-03,74,87,9,0.97
B02T104M25,2025-04,47,55,5,0.97
B02T104M25,2025-05,52,76,6,1.0
B02T104M25,2025-06,16,19,2,0.88
B02T104M25,2025-07,25,33,3,0.98
B02T104M25,2025-08,161,229,17,0.87
B02T104M25,2025-09,45,69,5,1.0
B02T104M25,2025-10,17,26,2,0.89
B02T104M25,2025-11,53,67,6,0.9
B02T104M25,2025-12,145,207,14,0.88
B02T104M25,2026-01,19,26,2,0.87
B02T104M25,2026-02,9,12,1,0.98
B02T104M25,2026-03,79,113,9,0.96
B02T104M25,2026-04,57,67,6,0.9
B02T104M25,2026-05,27,38,3,0.98
B02T104M25,2026-06,54,77,5,1.0
B0J9HPEX6X,2025-01,6,7,1,0.94
B0J9HPEX6X,2025-02,7,9,1,0.99
B0J9HPEX6X,2025-03,70,105,10,0.93
B0J9HPEX6X,2025-04,37,46,5,0.91
B0J9HPEX6X,2025-05,26,36,4,0.92
B0J9HPEX6X,2025-06,8,10,1,0.93
B0J9HPEX6X,2025-07,39,49,6,0.97
B0J9HPEX6X,2025-08,35,46,6,0.92
B0J9HPEX6X,2025-09,27,40,4,0.99
B0J9HPEX6X,2025-10,8,12,1,0.89
B0J9HPEX6X,2025-11,52,73,9,0.88
B0J9HPEX6X,2025-12,105,157,14,0.88
B0J9HPEX6X,2026-01,53,76,8,1.0
B0J9HPEX6X,2026-02,27,34,4,0.97
B0J9HPEX6X,2026-03,15,17,2,0.98
B0J9HPEX6X,2026-04,7,11,1,0.99
B0J9HPEX6X,2026-05,27,33,4,0.96
B0J9HPEX6X,2026-06,61,73,8,0.92
B0PAU2ZN1D,2025-01,18,27,1,0.97
B0PAU2ZN1D,2025-02,139,179,0,0.99
B0PAU2ZN1D,2025-03,139,208,0,0.92
B0PAU2ZN1D,2025-04,17,21,0,0.91
B0PAU2ZN1D,2025-05,19,25,1,0.88
B0PAU2ZN1D,2025-06,58,88,0,0.87
B0PAU2ZN1D,2025-07,27,40,2,0.99
B0PAU2ZN1D,2025-08,84,100,0,0.88
B0PAU2ZN1D,2025-09,11,14,0,0.88
B0PAU2ZN1D,2025-10,78,107,0,0.92
B0PAU2ZN1D,2025-11,14,17,1,0.97
B0PAU2ZN1D,2025-12,23,27,0,0.9
B0PAU2ZN1D,2026-01,108,159,0,0.87
B0PAU2ZN1D,2026-02,52,79,0,0.92
B0PAU2ZN1D,2026-03,15,20,0,0.93
B0PAU2ZN1D,2026-04,47,54,3,0.9
B0PAU2ZN1D,2026-05,148,198,0,0.88
B0PAU2ZN1D,2026-06,14,19,1,0.92
B0ZWX7WPK9,2025-01,95,124,14,0.9
B0ZWX7WPK9,2025-02,48,71,7,0.93
B0ZWX7WPK9,2025-03,44,68,5,0.98
B0ZWX7WPK9,2025-04,66,102,8,0.9
B0ZWX7WPK9,2025-05,40,56,5,0.97
B0ZWX7WPK9,2025-06,80,115,9,0.91
B0ZWX7WPK9,2025-07,33,43,5,0.89
B0ZWX7WPK9,2025-08,99,140,14,0.94
B0ZWX7WPK9,2025-09,103,156,12,0.95
B0ZWX7WPK9,2025-10,58,77,8,0.96
B0ZWX7WPK9,2025-11,121,149,19,0.87
B0ZWX7WPK9,2025-12,101,136,13,0.89
B0ZWX7WPK9,2026-01,61,81,7,0.94
B0ZWX7WPK9,2026-02,71,98,10,1.0
B0ZWX7WPK9,2026-03,46,57,7,0.93
B0ZWX7WPK9,2026-04,8,10,1,0.87
B0ZWX7WPK9,2026-05,96,125,13,0.93
B0ZWX7WPK9,2026-06,45,66,7,0.97
B0KKUPJDRS,2025-01,31,36,0,0.94
B0KKUPJDRS,2025-02,19,28,0,0.88
B0KKUPJDRS,2025-03,47,69,0,0.92
B0KKUPJDRS,2025-04,18,26,0,0.88
B0KKUPJDRS,2025-05,9,13,1,0.89
B0KKUPJDRS,2025-06,33,51,0,0.86
B0KKUPJDRS,2025-07,11,16,1,0.89
B0KKUPJDRS,2025-08,109,140,0,0.9
B0KKUPJDRS,2025-09,37,45,0,0.9
B0KKUPJDRS,2025-10,29,34,3,0.86
B0KKUPJDRS,2025-11,149,196,0,0.96
B0KKUPJDRS,2025-12,10,15,1,0.98
B0KKUPJDRS,2026-01,101,142,0,0.87
B0KKUPJDRS,2026-02,25,30,0,0.97
B0KKUPJDRS,2026-03,53,62,0,0.98
B0KKUPJDRS,2026-04,10,14,1,0.87
B0KKUPJDRS,2026-05,27,41,3,0.99
B0KKUPJDRS,2026-06,20,24,2,0.98
B0S19ZGCXE,2025-01,110,165,0,0.99
B0S19ZGCXE,2025-02,37,54,0,0.88
B0S19ZGCXE,2025-03,58,84,0,0.95
B0S19ZGCXE,2025-04,13,20,1,0.92
B0S19ZGCXE,2025-05,40,57,0,0.95
B0S19ZGCXE,2025-06,123,143,0,0.96
B0S19ZGCXE,2025-07,13,15,1,0.98
B0S19ZGCXE,2025-08,30,43,2,0.88
B0S19ZGCXE,2025-09,103,152,0,0.99
B0S19ZGCXE,2025-10,24,30,2,0.94
B0S19ZGCXE,2025-11,53,70,4,0.98
B0S19ZGCXE,2025-12,16,21,1,0.99
B0S19ZGCXE,2026-01,42,56,0,0.87
B0S19ZGCXE,2026-02,72,111,0,0.99
B0S19ZGCXE,2026-03,26,30,2,0.95
B0S19ZGCXE,2026-04,50,68,0,0.97
B0S19ZGCXE,2026-05,113,148,0,0.93
B0S19ZGCXE,2026-06,15,17,1,0.92
B0A30AC946,2025-01,69,81,4,0.97
B0A30AC946,2025-02,17,25,1,0.94
B0A30AC946,2025-03,152,187,8,0.97
B0A30AC946,2025-04,123,185,7,0.94
B0A30AC946,2025-05,37,55,2,0.87
B0A30AC946,2025-06,71,87,4,0.92
B0A30AC946,2025-07,204,281,9,0.98
B0A30AC946,2025-08,63,91,3,0.98
B0A30AC946,2025-09,39,59,2,0.9
B0A30AC946,2025-10,62,80,3,0.9
B0A30AC946,2025-11,180,227,10,0.87
B0A30AC946,2025-12,189,245,10,0.96
B0A30AC946,2026-01,133,166,6,0.93
B0A30AC946,2026-02,127,182,7,0.9
B0A30AC946,2026-03,130,156,7,0.9
B0A30AC946,2026-04,98,120,5,0.95
B0A30AC946,2026-05,152,222,7,0.89
B0A30AC946,2026-06,138,189,6,0.88
B09D2WWZK5,2025-01,23,31,0,0.87
B09D2WWZK5,2025-02,19,29,1,0.94
B09D2WWZK5,2025-03,20,28,1,0.93
B09D2WWZK5,2025-04,130,160,0,0.94
B09D2WWZK5,2025-05,17,23,1,0.91
B09D2WWZK5,2025-06,16,20,1,0.98
B09D2WWZK5,2025-07,87,101,0,0.91
B09D2WWZK5,2025-08,144,179,0,0.92
B09D2WWZK5,2025-09,59,47,3,0.92
B09D2WWZK5,2025-10,62,95,3,1.0
B09D2WWZK5,2025-11,41,60,2,0.94
B09D2WWZK5,2025-12,56,68,3,0.98
B09D2WWZK5,2026-01,62,93,0,0.92
B09D2WWZK5,2026-02,33,47,0,0.87
B09D2WWZK5,2026-03,38,49,0,0.93
B09D2WWZK5,2026-04,40,55,0,0.88
B09D2WWZK5,2026-05,109,132,0,0.94
B09D2WWZK5,2026-06,19,22,1,0.93
B088ML63AY,2025-01,14,17,0,0.69
B088ML63AY,2025-02,17,23,0,0.71
B088ML63AY,2025-03,60,73,0,0.74
B088ML63AY,2025-04,9,12,1,0.71
B088ML63AY,2025-05,60,83,0,0.7
B088ML63AY,2025-06,8,11,1,0.7
B088ML63AY,2025-07,8,12,0,0.63
B088ML63AY,2025-08,46,63,0,0.6
B088ML63AY,2025-09,14,20,2,0.64
B088ML63AY,2025-10,19,29,0,0.52
B088ML63AY,2025-11,28,38,3,0.57
B088ML63AY,2025-12,60,76,0,0.73
B088ML63AY,2026-01,60,77,0,0.5
B088ML63AY,2026-02,60,84,0,0.59
B088ML63AY,2026-03,60,79,0,0.62
B088ML63AY,2026-04,60,75,0,0.64
B088ML63AY,2026-05,60,87,0,0.54
B088ML63AY,2026-06,60,71,0,0.52
B0LPG6DAQM,2025-01,52,65,0,0.96
B0LPG6DAQM,2025-02,11,16,1,0.99
B0LPG6DAQM,2025-03,5,6,0,0.9
B0LPG6DAQM,2025-04,96,114,0,0.87
B0LPG6DAQM,2025-05,119,167,0,0.87
B0LPG6DAQM,2025-06,143,197,0,0.88
B0LPG6DAQM,2025-07,70,102,0,0.89
B0LPG6DAQM,2025-08,24,32,0,0.95
B0LPG6DAQM,2025-09,10,12,1,0.98
B0LPG6DAQM,2025-10,38,54,4,0.92
B0LPG6DAQM,2025-11,14,21,0,0.99
B0LPG6DAQM,2025-12,11,17,1,0.9
B0LPG6DAQM,2026-01,88,136,0,0.94
B0LPG6DAQM,2026-02,105,151,0,0.93
B0LPG6DAQM,2026-03,89,123,0,0.96
B0LPG6DAQM,2026-04,23,29,2,0.92
B0LPG6DAQM,2026-05,128,182,0,0.92
B0LPG6DAQM,2026-06,10,15,1,0.88
